"ISO";"COUNTRY";"YEAR";"GINI INDEX";"D10D1"
"ABW";"Aruba";"2015";"47.011";"21.1855728301887"
"ABW";"Aruba";"2016";"47.18";"21.3106447132916"
"ABW";"Aruba";"2017";"47.384";"21.5139650711893"
"ABW";"Aruba";"2018";"47.9";"23.725382808229"
"ABW";"Aruba";"2019";"48.39";"26.4083066424906"
"ABW";"Aruba";"2020";"48.968";"30.1923212685655"
"AFG";"Afghanistan";"2015";"44.311";"17.9956922765052"
"AFG";"Afghanistan";"2016";"44.718";"18.0865836018981"
"AFG";"Afghanistan";"2017";"45.125";"18.1768925711688"
"AFG";"Afghanistan";"2018";"45.125";"18.1768585744964"
"AFG";"Afghanistan";"2019";"45.125";"18.177182999295"
"AFG";"Afghanistan";"2020";"45.125";"18.1771814559751"
"AGO";"Angola";"2015";"60.08";"111.005583844462"
"AGO";"Angola";"2016";"60.665";"125.433318458"
"AGO";"Angola";"2017";"61.25";"143.712364075715"
"AGO";"Angola";"2018";"61.835";"167.596286680057"
"AGO";"Angola";"2019";"62.42";"200.027056277056"
"AGO";"Angola";"2020";"62.42";"200.034066294716"
"AIA";"Anguilla";"2015";"47.011";"21.1855768287263"
"AIA";"Anguilla";"2016";"47.18";"21.3106193126063"
"AIA";"Anguilla";"2017";"47.384";"21.5139924250469"
"AIA";"Anguilla";"2018";"47.9";"23.7254182663389"
"AIA";"Anguilla";"2019";"48.39";"26.4083030832512"
"AIA";"Anguilla";"2020";"48.968";"30.1922881448227"
"ALB";"Albania";"2015";"37.095";"13.9123800993121"
"ALB";"Albania";"2016";"37.817";"15.2808777257176"
"ALB";"Albania";"2017";"37.349";"14.4408355505332"
"ALB";"Albania";"2018";"36.351";"14.0053546447121"
"ALB";"Albania";"2019";"35.634";"12.2369817901385"
"ALB";"Albania";"2020";"34.758";"11.207054758587"
"AND";"Andorra";"2015";"31.041";"7.0613283308697"
"AND";"Andorra";"2016";"31.078";"7.05428742843273"
"AND";"Andorra";"2017";"31.078";"7.05428589755926"
"AND";"Andorra";"2018";"31.078";"7.05428645938903"
"AND";"Andorra";"2019";"31.078";"7.05428705290512"
"AND";"Andorra";"2020";"31.078";"7.0542851698025"
"ARE";"United Arab Emirates";"2015";"32.585";"9.11994741195511"
"ARE";"United Arab Emirates";"2016";"30.929";"7.6385024306801"
"ARE";"United Arab Emirates";"2017";"29.273";"6.53847452287698"
"ARE";"United Arab Emirates";"2018";"27.617";"5.68936559484442"
"ARE";"United Arab Emirates";"2019";"25.96";"5.01411026712098"
"ARE";"United Arab Emirates";"2020";"25.96";"5.01411081170107"
"ARG";"Argentina";"2015";"39.176";"12.9503839145688"
"ARG";"Argentina";"2016";"39.293";"13.1247425652854"
"ARG";"Argentina";"2017";"38.78";"12.8639736494323"
"ARG";"Argentina";"2018";"39.497";"13.7659593996544"
"ARG";"Argentina";"2019";"39.882";"13.8111774974392"
"ARG";"Argentina";"2020";"39.954";"15.9877782546228"
"ARM";"Armenia";"2015";"34.752";"10.2377329770546"
"ARM";"Armenia";"2016";"34.8";"10.1128278823465"
"ARM";"Armenia";"2017";"35.652";"10.3503695691365"
"ARM";"Armenia";"2018";"36.209";"11.1891941863813"
"ARM";"Armenia";"2019";"32.902";"8.76610734685497"
"ARM";"Armenia";"2020";"29.505";"6.76316110851247"
"ATG";"Antigua and Barbuda";"2015";"47.011";"21.1855686831607"
"ATG";"Antigua and Barbuda";"2016";"47.18";"21.3106614307066"
"ATG";"Antigua and Barbuda";"2017";"47.384";"21.5139437992576"
"ATG";"Antigua and Barbuda";"2018";"47.9";"23.725409371213"
"ATG";"Antigua and Barbuda";"2019";"48.39";"26.4082809875741"
"ATG";"Antigua and Barbuda";"2020";"48.968";"30.1923646822976"
"AUS";"Australia";"2015";"34.111";"9.604413801937"
"AUS";"Australia";"2016";"33.751";"9.40035657596457"
"AUS";"Australia";"2017";"34.044";"9.7601237187777"
"AUS";"Australia";"2018";"34.337";"10.1363178813284"
"AUS";"Australia";"2019";"34.337";"10.1363173706446"
"AUS";"Australia";"2020";"34.337";"10.1363202232286"
"AUT";"Austria";"2015";"30.662";"7.82398433270085"
"AUT";"Austria";"2016";"30.722";"8.14646097727019"
"AUT";"Austria";"2017";"30.994";"8.61601286560454"
"AUT";"Austria";"2018";"29.982";"7.69323660937531"
"AUT";"Austria";"2019";"30.978";"8.15995978845866"
"AUT";"Austria";"2020";"30.388";"8.28058898324482"
"AZE";"Azerbaijan";"2015";"15.162";"2.55890929395707"
"AZE";"Azerbaijan";"2016";"16.511";"2.78976867328292"
"AZE";"Azerbaijan";"2017";"17.86";"3.04552979733475"
"AZE";"Azerbaijan";"2018";"19.21";"3.33045724599343"
"AZE";"Azerbaijan";"2019";"19.21";"3.33045870371431"
"AZE";"Azerbaijan";"2020";"19.21";"3.33045784243847"
"BDI";"Burundi";"2015";"53.377";"31.7066892313174"
"BDI";"Burundi";"2016";"53.377";"31.7056701507724"
"BDI";"Burundi";"2017";"53.377";"31.7052731591449"
"BDI";"Burundi";"2018";"53.377";"31.7055303542129"
"BDI";"Burundi";"2019";"53.377";"31.7049965776865"
"BDI";"Burundi";"2020";"53.377";"31.7073195254374"
"BEL";"Belgium";"2015";"27.903";"6.56943806775573"
"BEL";"Belgium";"2016";"27.814";"6.6520409082447"
"BEL";"Belgium";"2017";"27.677";"6.69599130528768"
"BEL";"Belgium";"2018";"27.29";"6.57171848806696"
"BEL";"Belgium";"2019";"27.106";"6.27969591506115"
"BEL";"Belgium";"2020";"27.1";"6.24871940742049"
"BEN";"Benin";"2015";"60.103";"346.336083474885"
"BEN";"Benin";"2016";"58.325";"105.999010503882"
"BEN";"Benin";"2017";"56.546";"61.0056683364092"
"BEN";"Benin";"2018";"54.768";"42.0189570607529"
"BEN";"Benin";"2019";"52.989";"31.5484602262525"
"BEN";"Benin";"2020";"52.989";"31.5482259425374"
"BFA";"Burkina Faso";"2015";"64.54";"35.34999669159"
"BFA";"Burkina Faso";"2016";"66.966";"43.9071428571429"
"BFA";"Burkina Faso";"2017";"69.392";"56.949385119415"
"BFA";"Burkina Faso";"2018";"71.818";"79.2448612059865"
"BFA";"Burkina Faso";"2019";"74.244";"126.075063255552"
"BFA";"Burkina Faso";"2020";"74.244";"126.077454132778"
"BGD";"Bangladesh";"2015";"48.255";"28.8052769165299"
"BGD";"Bangladesh";"2016";"48.596";"32.2249750546674"
"BGD";"Bangladesh";"2017";"48.596";"32.2252715380153"
"BGD";"Bangladesh";"2018";"48.596";"32.2247751124438"
"BGD";"Bangladesh";"2019";"48.596";"32.2249864318353"
"BGD";"Bangladesh";"2020";"48.596";"32.225240462645"
"BGR";"Bulgaria";"2015";"37.413";"14.7593045876404"
"BGR";"Bulgaria";"2016";"38.519";"18.6384705823494"
"BGR";"Bulgaria";"2017";"40.506";"19.2842428808713"
"BGR";"Bulgaria";"2018";"40.237";"16.6855737612241"
"BGR";"Bulgaria";"2019";"41.159";"17.2644477314193"
"BGR";"Bulgaria";"2020";"40.224";"16.7851735851669"
"BHR";"Bahrain";"2015";"37.2";"12.6386017157914"
"BHR";"Bahrain";"2016";"36.433";"11.4876184298064"
"BHR";"Bahrain";"2017";"35.61";"10.7792128392634"
"BHR";"Bahrain";"2018";"35.161";"10.0921932658288"
"BHR";"Bahrain";"2019";"34.591";"9.51580133590132"
"BHR";"Bahrain";"2020";"34.648";"9.55702843253936"
"BHS";"Bahamas, The";"2015";"50.056";"34.5134806461521"
"BHS";"Bahamas, The";"2016";"50.056";"34.513511674843"
"BHS";"Bahamas, The";"2017";"50.056";"34.5135166271795"
"BHS";"Bahamas, The";"2018";"50.056";"34.5134761201379"
"BHS";"Bahamas, The";"2019";"50.056";"34.5135528187097"
"BHS";"Bahamas, The";"2020";"50.056";"34.5135589117876"
"BIH";"Bosnia and Herzegovina";"2015";"35.077";"12.2476116091642"
"BIH";"Bosnia and Herzegovina";"2016";"35.077";"12.2476350777833"
"BIH";"Bosnia and Herzegovina";"2017";"35.077";"12.2476022176022"
"BIH";"Bosnia and Herzegovina";"2018";"35.077";"12.2476116337618"
"BIH";"Bosnia and Herzegovina";"2019";"35.077";"12.2476014370583"
"BIH";"Bosnia and Herzegovina";"2020";"35.077";"12.2476129163642"
"BLR";"Belarus";"2015";"29.896";"7.18808888617356"
"BLR";"Belarus";"2016";"29.663";"7.04908023576791"
"BLR";"Belarus";"2017";"29.744";"6.90089893779637"
"BLR";"Belarus";"2018";"29.606";"6.9041898420753"
"BLR";"Belarus";"2019";"29.621";"6.99696201102956"
"BLR";"Belarus";"2020";"28.885";"6.46704930235599"
"BLZ";"Belize";"2015";"53.084";"45.5965893329051"
"BLZ";"Belize";"2016";"53.084";"45.5968186764859"
"BLZ";"Belize";"2017";"53.084";"45.5968486296766"
"BLZ";"Belize";"2018";"53.084";"45.5971622181452"
"BLZ";"Belize";"2019";"53.084";"45.5969746803562"
"BLZ";"Belize";"2020";"53.084";"45.5970620755015"
"BMU";"Bermuda";"2015";"40.706";"16.5894440824009"
"BMU";"Bermuda";"2016";"40.351";"16.0505075274621"
"BMU";"Bermuda";"2017";"40.3";"16.1484649533265"
"BMU";"Bermuda";"2018";"40.271";"16.2883087141193"
"BMU";"Bermuda";"2019";"40.459";"16.3652941016658"
"BMU";"Bermuda";"2020";"40.574";"16.2145244900247"
"BOL";"Bolivia";"2015";"45.207";"29.5180837671396"
"BOL";"Bolivia";"2016";"46.35";"40.9507443679694"
"BOL";"Bolivia";"2017";"45.989";"32.7690051910275"
"BOL";"Bolivia";"2018";"43.706";"25.8971618595442"
"BOL";"Bolivia";"2019";"42.778";"20.9190927916679"
"BOL";"Bolivia";"2020";"44.762";"26.9771281477809"
"BRA";"Brazil";"2015";"50.197";"40.9013391251613"
"BRA";"Brazil";"2016";"50.829";"50.8432757147791"
"BRA";"Brazil";"2017";"51.109";"58.4697172642225"
"BRA";"Brazil";"2018";"51.683";"59.2186316482793"
"BRA";"Brazil";"2019";"51.254";"58.8427492014088"
"BRA";"Brazil";"2020";"49.713";"49.6339953379953"
"BRB";"Barbados";"2015";"56.316";"87.6226492127893"
"BRB";"Barbados";"2016";"56.316";"87.6219805709012"
"BRB";"Barbados";"2017";"56.316";"87.6227003778839"
"BRB";"Barbados";"2018";"56.316";"87.6221092566392"
"BRB";"Barbados";"2019";"56.316";"87.6224336127704"
"BRB";"Barbados";"2020";"56.316";"87.6220805806272"
"BRN";"Brunei";"2015";"27.843";"5.79669105432469"
"BRN";"Brunei";"2016";"28.074";"5.85185085649712"
"BRN";"Brunei";"2017";"28.074";"5.85185231644992"
"BRN";"Brunei";"2018";"28.074";"5.85185227256344"
"BRN";"Brunei";"2019";"28.074";"5.85185115947078"
"BRN";"Brunei";"2020";"28.074";"5.85185142768431"
"BTN";"Bhutan";"2015";"50.769";"35.3129832944266"
"BTN";"Bhutan";"2016";"50.568";"34.8527347077867"
"BTN";"Bhutan";"2017";"50.366";"34.3945120096044"
"BTN";"Bhutan";"2018";"50.366";"34.3945050420236"
"BTN";"Bhutan";"2019";"50.366";"34.3945742659892"
"BTN";"Bhutan";"2020";"50.366";"34.3943522546695"
"BWA";"Botswana";"2015";"58.756";"42.5355832081903"
"BWA";"Botswana";"2016";"57.891";"39.2389483988253"
"BWA";"Botswana";"2017";"57.891";"39.2389567604667"
"BWA";"Botswana";"2018";"57.891";"39.2390288138704"
"BWA";"Botswana";"2019";"57.891";"39.2388640113127"
"BWA";"Botswana";"2020";"57.891";"39.2388873950584"
"CAF";"Central African Republic";"2015";"65.642";"248.470177324019"
"CAF";"Central African Republic";"2016";"65.642";"248.50621761658"
"CAF";"Central African Republic";"2017";"65.642";"248.477409638554"
"CAF";"Central African Republic";"2018";"65.642";"248.515717092338"
"CAF";"Central African Republic";"2019";"65.642";"248.546556741028"
"CAF";"Central African Republic";"2020";"65.642";"248.507586882036"
"CAN";"Canada";"2015";"33.747";"10.15578768882"
"CAN";"Canada";"2016";"32.776";"9.19586220991806"
"CAN";"Canada";"2017";"33.327";"9.49161998624373"
"CAN";"Canada";"2018";"32.534";"9.02642027406361"
"CAN";"Canada";"2019";"32.534";"9.02642279286622"
"CAN";"Canada";"2020";"32.534";"9.02642009599534"
"CHE";"Switzerland";"2015";"32.983";"8.2900708350879"
"CHE";"Switzerland";"2016";"32.825";"8.31618017970494"
"CHE";"Switzerland";"2017";"33.471";"8.85323757176011"
"CHE";"Switzerland";"2018";"33.179";"8.70966865278931"
"CHE";"Switzerland";"2019";"33.362";"8.95671936634102"
"CHE";"Switzerland";"2020";"33.362";"8.95672056672751"
"CHL";"Chile";"2015";"47.541";"21.0283660054784"
"CHL";"Chile";"2016";"47.904";"21.5326228986547"
"CHL";"Chile";"2017";"48.268";"22.0509962261554"
"CHL";"Chile";"2018";"49.001";"25.5001072537106"
"CHL";"Chile";"2019";"49.735";"30.1878615631446"
"CHL";"Chile";"2020";"50.469";"36.9278260904237"
"CHN";"China";"2015";"42.5";"19.2311636620247"
"CHN";"China";"2016";"42.678";"19.9336041753158"
"CHN";"China";"2017";"43.094";"20.3218323011894"
"CHN";"China";"2018";"43.927";"20.3725139434179"
"CHN";"China";"2019";"43.49";"18.9270614752388"
"CHN";"China";"2020";"43.501";"18.5903302600447"
"CIV";"Cote d'Ivoire";"2015";"60.528";"132.531924125961"
"CIV";"Cote d'Ivoire";"2016";"59.473";"85.2696764192986"
"CIV";"Cote d'Ivoire";"2017";"58.419";"62.3428917053859"
"CIV";"Cote d'Ivoire";"2018";"57.364";"48.8056359897604"
"CIV";"Cote d'Ivoire";"2019";"56.309";"39.8701794513867"
"CIV";"Cote d'Ivoire";"2020";"56.309";"39.8699220005753"
"CMR";"Cameroon";"2015";"59.44";"108.231831206043"
"CMR";"Cameroon";"2016";"59.44";"108.232294798797"
"CMR";"Cameroon";"2017";"59.44";"108.233648417179"
"CMR";"Cameroon";"2018";"59.44";"108.233588073165"
"CMR";"Cameroon";"2019";"59.44";"108.229221021245"
"CMR";"Cameroon";"2020";"59.44";"108.230642399645"
"COD";"Congo, Democratic Republic of the";"2015";"56.008";"52.2270034648486"
"COD";"Congo, Democratic Republic of the";"2016";"56.008";"52.2258064516129"
"COD";"Congo, Democratic Republic of the";"2017";"56.008";"52.2233206021119"
"COD";"Congo, Democratic Republic of the";"2018";"56.008";"52.2238789606403"
"COD";"Congo, Democratic Republic of the";"2019";"56.008";"52.225330730861"
"COD";"Congo, Democratic Republic of the";"2020";"56.008";"52.2240431148262"
"COG";"Congo, Republic of the";"2015";"60.893";"135.415991902834"
"COG";"Congo, Republic of the";"2016";"60.893";"135.414380205782"
"COG";"Congo, Republic of the";"2017";"60.893";"135.416075184017"
"COG";"Congo, Republic of the";"2018";"60.893";"135.412723151034"
"COG";"Congo, Republic of the";"2019";"60.893";"135.41143522223"
"COG";"Congo, Republic of the";"2020";"60.893";"135.415187616501"
"COL";"Colombia";"2015";"50.672";"36.127736646226"
"COL";"Colombia";"2016";"50.569";"35.388360323239"
"COL";"Colombia";"2017";"49.641";"33.0671840327583"
"COL";"Colombia";"2018";"50.122";"34.2917352076168"
"COL";"Colombia";"2019";"51.681";"40.5345179367497"
"COL";"Colombia";"2020";"54.01";"55.4616549539741"
"COM";"Comoros";"2015";"58.488";"116.636922277999"
"COM";"Comoros";"2016";"58.488";"116.63849121303"
"COM";"Comoros";"2017";"58.488";"116.637692177733"
"COM";"Comoros";"2018";"58.488";"116.642493956823"
"COM";"Comoros";"2019";"58.488";"116.64425090026"
"COM";"Comoros";"2020";"58.488";"116.645385208673"
"CPV";"Cape Verde";"2015";"56.411";"55.5496707188476"
"CPV";"Cape Verde";"2016";"56.411";"55.5497384212956"
"CPV";"Cape Verde";"2017";"56.411";"55.5496161714747"
"CPV";"Cape Verde";"2018";"56.411";"55.5501080815971"
"CPV";"Cape Verde";"2019";"56.411";"55.550401613408"
"CPV";"Cape Verde";"2020";"56.411";"55.5496472917784"
"CRI";"Costa Rica";"2015";"49.441";"30.7285497883139"
"CRI";"Costa Rica";"2016";"49.7";"28.9055457156256"
"CRI";"Costa Rica";"2017";"49.294";"26.5585790346513"
"CRI";"Costa Rica";"2018";"49.023";"28.1374093394229"
"CRI";"Costa Rica";"2019";"49.304";"26.4152077735255"
"CRI";"Costa Rica";"2020";"48.838";"26.1282277540405"
"CUB";"Cuba";"2015";"48.859";"18.9711055066558"
"CUB";"Cuba";"2016";"48.859";"18.9711330471161"
"CUB";"Cuba";"2017";"48.859";"18.9711608486673"
"CUB";"Cuba";"2018";"48.859";"18.9711384258282"
"CUB";"Cuba";"2019";"48.859";"18.9711384258282"
"CUB";"Cuba";"2020";"48.859";"18.9711384258282"
"CUW";"Curacao";"2015";"47.011";"21.185563384812"
"CUW";"Curacao";"2016";"47.18";"21.3106445175746"
"CUW";"Curacao";"2017";"47.384";"21.5139429116535"
"CUW";"Curacao";"2018";"47.9";"23.7254048694503"
"CUW";"Curacao";"2019";"48.39";"26.4082973467026"
"CUW";"Curacao";"2020";"48.968";"30.1922842449158"
"CYM";"Cayman Islands";"2015";"47.011";"21.1855785317087"
"CYM";"Cayman Islands";"2016";"47.18";"21.3106284850046"
"CYM";"Cayman Islands";"2017";"47.384";"21.5139683217323"
"CYM";"Cayman Islands";"2018";"47.9";"23.7254025474645"
"CYM";"Cayman Islands";"2019";"48.39";"26.4083151758627"
"CYM";"Cayman Islands";"2020";"48.968";"30.1923201451252"
"CYP";"Cyprus";"2015";"35.49";"9.54817170477655"
"CYP";"Cyprus";"2016";"33.922";"8.62009078671813"
"CYP";"Cyprus";"2017";"32.873";"7.87645207637581"
"CYP";"Cyprus";"2018";"31.396";"7.42416994242838"
"CYP";"Cyprus";"2019";"32.694";"7.94951283614451"
"CYP";"Cyprus";"2020";"31.185";"7.27942047629197"
"CZE";"Czechia";"2015";"26.253";"5.94190435180016"
"CZE";"Czechia";"2016";"25.939";"5.7773961656292"
"CZE";"Czechia";"2017";"25.625";"5.61932403566638"
"CZE";"Czechia";"2018";"25.091";"5.27927838953445"
"CZE";"Czechia";"2019";"25.216";"5.30209453730529"
"CZE";"Czechia";"2020";"25.491";"5.30209532287511"
"DEU";"Germany";"2015";"30.931";"7.75996105442927"
"DEU";"Germany";"2016";"31.578";"8.09639620248637"
"DEU";"Germany";"2017";"31.633";"8.2725770474294"
"DEU";"Germany";"2018";"31.199";"8.1438484820737"
"DEU";"Germany";"2019";"31.721";"8.36677380226709"
"DEU";"Germany";"2020";"31.721";"8.3667731637653"
"DJI";"Djibouti";"2015";"44.654";"22.5238635526413"
"DJI";"Djibouti";"2016";"44.197";"21.6267154994009"
"DJI";"Djibouti";"2017";"43.741";"20.782699508393"
"DJI";"Djibouti";"2018";"43.741";"20.7826356737149"
"DJI";"Djibouti";"2019";"43.741";"20.7824953068267"
"DJI";"Djibouti";"2020";"43.741";"20.7826575553941"
"DMA";"Dominica";"2015";"55.805";"59.9708239161701"
"DMA";"Dominica";"2016";"55.805";"59.9703724353256"
"DMA";"Dominica";"2017";"55.805";"59.9706005779169"
"DMA";"Dominica";"2018";"55.805";"59.9707590650426"
"DMA";"Dominica";"2019";"55.805";"59.9705785667324"
"DMA";"Dominica";"2020";"55.805";"59.9704925375101"
"DNK";"Denmark";"2015";"26.138";"5.75142749062488"
"DNK";"Denmark";"2016";"26.324";"5.84003327257826"
"DNK";"Denmark";"2017";"26.288";"5.8495110238129"
"DNK";"Denmark";"2018";"26.889";"5.94354625382991"
"DNK";"Denmark";"2019";"26.391";"5.83528333157023"
"DNK";"Denmark";"2020";"26.443";"5.93179955576535"
"DOM";"Dominican Republic";"2015";"45.773";"19.6592179175353"
"DOM";"Dominican Republic";"2016";"43.181";"16.0418258779787"
"DOM";"Dominican Republic";"2017";"43.053";"16.3268179465154"
"DOM";"Dominican Republic";"2018";"43.826";"16.1313472353352"
"DOM";"Dominican Republic";"2019";"43.006";"15.5399125913386"
"DOM";"Dominican Republic";"2020";"40.33";"13.5604265826862"
"DZA";"Algeria";"2015";"33.483";"8.07692549661062"
"DZA";"Algeria";"2016";"33.483";"8.0769198859217"
"DZA";"Algeria";"2017";"33.483";"8.07692950719034"
"DZA";"Algeria";"2018";"33.483";"8.07691820997825"
"DZA";"Algeria";"2019";"33.483";"8.0769173452552"
"DZA";"Algeria";"2020";"33.483";"8.07693252409854"
"ECU";"Ecuador";"2015";"46.024";"21.0484517896563"
"ECU";"Ecuador";"2016";"44.804";"20.4598777672697"
"ECU";"Ecuador";"2017";"44.2";"18.8803814284965"
"ECU";"Ecuador";"2018";"45.365";"19.4917453225089"
"ECU";"Ecuador";"2019";"45.369";"19.4362342504813"
"ECU";"Ecuador";"2020";"46.348";"21.6364300561273"
"EGY";"Egypt";"2015";"36.779";"9.51149904993605"
"EGY";"Egypt";"2016";"36.325";"9.29234596185986"
"EGY";"Egypt";"2017";"35.871";"9.07664760879801"
"EGY";"Egypt";"2018";"35.418";"8.86438380614138"
"EGY";"Egypt";"2019";"35.418";"8.86438085335586"
"EGY";"Egypt";"2020";"35.418";"8.86437863475788"
"ERI";"Eritrea";"2015";"54.561";"34.6930500181225"
"ERI";"Eritrea";"2016";"54.561";"34.6942742896035"
"ERI";"Eritrea";"2017";"54.561";"34.6934210526316"
"ERI";"Eritrea";"2018";"54.561";"34.693068168755"
"ERI";"Eritrea";"2019";"54.561";"34.6937842447114"
"ERI";"Eritrea";"2020";"54.561";"34.6934198982278"
"ESP";"Spain";"2015";"36.289";"14.8496265238907"
"ESP";"Spain";"2016";"36.109";"14.8079219771695"
"ESP";"Spain";"2017";"35.929";"14.7663838810779"
"ESP";"Spain";"2018";"34.853";"12.4707044984441"
"ESP";"Spain";"2019";"34.849";"12.4875619024991"
"ESP";"Spain";"2020";"34.41";"12.4450717326554"
"EST";"Estonia";"2015";"33.793";"10.2709311011684"
"EST";"Estonia";"2016";"32.551";"9.10979168739647"
"EST";"Estonia";"2017";"31.309";"8.10538473776755"
"EST";"Estonia";"2018";"30.434";"7.38148166132228"
"EST";"Estonia";"2019";"30.453";"7.45487339343425"
"EST";"Estonia";"2020";"30.809";"7.78052468049516"
"ETH";"Ethiopia";"2015";"50.598";"27.2840274156299"
"ETH";"Ethiopia";"2016";"50.883";"28.2194998919075"
"ETH";"Ethiopia";"2017";"50.883";"28.218777440054"
"ETH";"Ethiopia";"2018";"50.883";"28.2191171697501"
"ETH";"Ethiopia";"2019";"50.883";"28.2188585302886"
"ETH";"Ethiopia";"2020";"50.883";"28.2194643441039"
"FIN";"Finland";"2015";"27.181";"5.81957764431025"
"FIN";"Finland";"2016";"27.157";"5.80429539797968"
"FIN";"Finland";"2017";"27.132";"5.78919643262232"
"FIN";"Finland";"2018";"27.42";"5.92422717617814"
"FIN";"Finland";"2019";"27.368";"5.95780984283795"
"FIN";"Finland";"2020";"27.777";"6.15222377603358"
"FJI";"Fiji";"2015";"37.654";"11.0731420529489"
"FJI";"Fiji";"2016";"36.936";"10.6304938844295"
"FJI";"Fiji";"2017";"36.217";"10.2025611977982"
"FJI";"Fiji";"2018";"35.499";"9.78860187286502"
"FJI";"Fiji";"2019";"34.78";"9.38795818508832"
"FJI";"Fiji";"2020";"34.061";"9.00000923753395"
"FRA";"France";"2015";"32.82";"9.1400721642549"
"FRA";"France";"2016";"32.533";"9.06548219868095"
"FRA";"France";"2017";"32.468";"9.05117662930993"
"FRA";"France";"2018";"33.159";"9.4184871107399"
"FRA";"France";"2019";"33.829";"9.85196234781901"
"FRA";"France";"2020";"33.069";"10.2365919826981"
"FSM";"Micronesia, Federated States of";"2015";"41.386";"16.6893824898863"
"FSM";"Micronesia, Federated States of";"2016";"41.386";"16.6895569474861"
"FSM";"Micronesia, Federated States of";"2017";"41.386";"16.6895277455165"
"FSM";"Micronesia, Federated States of";"2018";"41.386";"16.6895077877829"
"FSM";"Micronesia, Federated States of";"2019";"41.386";"16.6894975088103"
"FSM";"Micronesia, Federated States of";"2020";"41.386";"16.6893577121425"
"GAB";"Gabon";"2015";"47.309";"20.4950026282196"
"GAB";"Gabon";"2016";"47.061";"20.3101128710993"
"GAB";"Gabon";"2017";"46.813";"20.1249985427782"
"GAB";"Gabon";"2018";"46.813";"20.1249589640347"
"GAB";"Gabon";"2019";"46.813";"20.125013168522"
"GAB";"Gabon";"2020";"46.813";"20.1250290135396"
"GBR";"United Kingdom";"2015";"33.136";"8.58594840206654"
"GBR";"United Kingdom";"2016";"33.332";"8.75359363068785"
"GBR";"United Kingdom";"2017";"33.086";"8.81823069855683"
"GBR";"United Kingdom";"2018";"32.624";"8.66504583989441"
"GBR";"United Kingdom";"2019";"33.689";"9.20075474304798"
"GBR";"United Kingdom";"2020";"33.689";"9.20075738572322"
"GEO";"Georgia";"2015";"40.732";"15.711457148806"
"GEO";"Georgia";"2016";"40.728";"16.3742239500012"
"GEO";"Georgia";"2017";"42.726";"22.2706266385647"
"GEO";"Georgia";"2018";"39.246";"15.5601394315483"
"GEO";"Georgia";"2019";"40.213";"16.4909809323838"
"GEO";"Georgia";"2020";"40.213";"16.4909695044825"
"GHA";"Ghana";"2015";"56.759";"84.1568106048579"
"GHA";"Ghana";"2016";"56.96";"96.7788643533123"
"GHA";"Ghana";"2017";"57.161";"113.769473052695"
"GHA";"Ghana";"2018";"57.161";"113.771666426062"
"GHA";"Ghana";"2019";"57.161";"113.770960295476"
"GHA";"Ghana";"2020";"57.161";"113.766860792786"
"GIN";"Guinea";"2015";"48.59";"22.3911068014961"
"GIN";"Guinea";"2016";"48.176";"21.588986013986"
"GIN";"Guinea";"2017";"47.762";"20.8295596201355"
"GIN";"Guinea";"2018";"47.348";"20.1087211910204"
"GIN";"Guinea";"2019";"46.933";"19.4242461114153"
"GIN";"Guinea";"2020";"46.933";"19.4241496930124"
"GMB";"Gambia, The";"2015";"52.488";"29.4701331171025"
"GMB";"Gambia, The";"2016";"51.4";"26.5322377929994"
"GMB";"Gambia, The";"2017";"51.4";"26.5321290721013"
"GMB";"Gambia, The";"2018";"51.4";"26.5320284697509"
"GMB";"Gambia, The";"2019";"51.4";"26.5322172362214"
"GMB";"Gambia, The";"2020";"51.4";"26.5322709872696"
"GNB";"Guinea-Bissau";"2015";"55.683";"37.7709761066864"
"GNB";"Guinea-Bissau";"2016";"54.403";"32.7369405211856"
"GNB";"Guinea-Bissau";"2017";"53.123";"28.7023181565797"
"GNB";"Guinea-Bissau";"2018";"51.842";"25.3955963185479"
"GNB";"Guinea-Bissau";"2019";"50.562";"22.6370953832001"
"GNB";"Guinea-Bissau";"2020";"50.562";"22.6370439663237"
"GNQ";"Equatorial Guinea";"2015";"55.866";"79.5599050760644"
"GNQ";"Equatorial Guinea";"2016";"55.866";"79.5599761904762"
"GNQ";"Equatorial Guinea";"2017";"55.866";"79.5597427675209"
"GNQ";"Equatorial Guinea";"2018";"55.866";"79.5602304249911"
"GNQ";"Equatorial Guinea";"2019";"55.866";"79.5596413320128"
"GNQ";"Equatorial Guinea";"2020";"55.866";"79.5596297326104"
"GRC";"Greece";"2015";"35.045";"11.8119443848058"
"GRC";"Greece";"2016";"34.689";"11.5711021126255"
"GRC";"Greece";"2017";"34.332";"11.3366846573314"
"GRC";"Greece";"2018";"33.528";"10.1393807667192"
"GRC";"Greece";"2019";"32.25";"8.7478620305031"
"GRC";"Greece";"2020";"32.497";"9.47668699447027"
"GRD";"Grenada";"2015";"47.56";"22.7530493998716"
"GRD";"Grenada";"2016";"47.56";"22.7530980460146"
"GRD";"Grenada";"2017";"47.56";"22.7531155986692"
"GRD";"Grenada";"2018";"47.56";"22.753074864355"
"GRD";"Grenada";"2019";"47.56";"22.7531177163617"
"GRD";"Grenada";"2020";"47.56";"22.7531200767758"
"GRL";"Greenland";"2015";"34.41";"10.4860539689994"
"GRL";"Greenland";"2016";"34.424";"10.5059741783432"
"GRL";"Greenland";"2017";"34.674";"10.4880933985256"
"GRL";"Greenland";"2018";"35.51";"12.5141470376379"
"GRL";"Greenland";"2019";"35.51";"12.5141469175499"
"GRL";"Greenland";"2020";"35.51";"12.5141550021003"
"GTM";"Guatemala";"2015";"47.915";"22.6400902154333"
"GTM";"Guatemala";"2016";"47.915";"22.6401064439175"
"GTM";"Guatemala";"2017";"47.915";"22.6401673041862"
"GTM";"Guatemala";"2018";"47.915";"22.6401836629939"
"GTM";"Guatemala";"2019";"47.915";"22.6400742625318"
"GTM";"Guatemala";"2020";"47.915";"22.6400680561463"
"GUY";"Guyana";"2015";"44.971";"31.568444607185"
"GUY";"Guyana";"2016";"44.971";"31.5686395008036"
"GUY";"Guyana";"2017";"44.971";"31.5684146248378"
"GUY";"Guyana";"2018";"44.971";"31.5685653853498"
"GUY";"Guyana";"2019";"44.971";"31.5685065844774"
"GUY";"Guyana";"2020";"44.971";"31.5685075988737"
"HKG";"Hong Kong";"2015";"40.126";"14.7533638264527"
"HKG";"Hong Kong";"2016";"40.094";"14.7354224976288"
"HKG";"Hong Kong";"2017";"40.094";"14.7354245481849"
"HKG";"Hong Kong";"2018";"40.094";"14.7354284117885"
"HKG";"Hong Kong";"2019";"40.094";"14.7354289332451"
"HKG";"Hong Kong";"2020";"40.094";"14.7354288056451"
"HND";"Honduras";"2015";"46.592";"19.7708229374584"
"HND";"Honduras";"2016";"47.597";"23.9224071326081"
"HND";"Honduras";"2017";"47.614";"23.8892945051548"
"HND";"Honduras";"2018";"47.631";"23.8559874316304"
"HND";"Honduras";"2019";"48.849";"30.0641197016084"
"HND";"Honduras";"2020";"48.849";"30.0643272038766"
"HRV";"Croatia";"2015";"32.107";"9.36376070735606"
"HRV";"Croatia";"2016";"31.152";"8.76751108204346"
"HRV";"Croatia";"2017";"30.915";"8.74551365859395"
"HRV";"Croatia";"2018";"30.359";"8.62360528913416"
"HRV";"Croatia";"2019";"29.736";"7.83596469797838"
"HRV";"Croatia";"2020";"28.912";"7.50824114864983"
"HTI";"Haiti";"2015";"60.66";"87.5798934363839"
"HTI";"Haiti";"2016";"60.66";"87.5791805094131"
"HTI";"Haiti";"2017";"60.66";"87.5774193548387"
"HTI";"Haiti";"2018";"60.66";"87.5779295305865"
"HTI";"Haiti";"2019";"60.66";"87.5812400260063"
"HTI";"Haiti";"2020";"60.66";"87.5776278321159"
"HUN";"Hungary";"2015";"28.14";"6.45979030173903"
"HUN";"Hungary";"2016";"27.789";"6.36378032311309"
"HUN";"Hungary";"2017";"28.059";"6.53806300684687"
"HUN";"Hungary";"2018";"27.801";"6.41399888627084"
"HUN";"Hungary";"2019";"26.879";"6.10135630686102"
"HUN";"Hungary";"2020";"26.77";"5.83629912044957"
"IDN";"Indonesia";"2015";"41.011";"12.3248353248101"
"IDN";"Indonesia";"2016";"40.233";"11.8241922397914"
"IDN";"Indonesia";"2017";"39.908";"11.7037023230595"
"IDN";"Indonesia";"2018";"39.652";"11.6407366631271"
"IDN";"Indonesia";"2019";"39.045";"11.1071566777923"
"IDN";"Indonesia";"2020";"39.072";"11.1249957092795"
"IND";"India";"2015";"51.422";"33.9359740984013"
"IND";"India";"2016";"51.422";"33.9358399398183"
"IND";"India";"2017";"51.422";"33.9360350492881"
"IND";"India";"2018";"51.422";"33.935734784246"
"IND";"India";"2019";"51.422";"33.9360004034648"
"IND";"India";"2020";"51.422";"33.9356105329636"
"IRL";"Ireland";"2015";"31.887";"7.97286235509659"
"IRL";"Ireland";"2016";"31.938";"8.21639270604543"
"IRL";"Ireland";"2017";"32.869";"8.3152233193757"
"IRL";"Ireland";"2018";"31.302";"7.50828722256718"
"IRL";"Ireland";"2019";"30.301";"6.71367582515728"
"IRL";"Ireland";"2020";"30.81";"7.02770135780247"
"IRN";"Iran";"2015";"41.676";"15.9191711741832"
"IRN";"Iran";"2016";"42.145";"16.2121421302457"
"IRN";"Iran";"2017";"42.537";"16.6700796238289"
"IRN";"Iran";"2018";"43.116";"17.2698358978395"
"IRN";"Iran";"2019";"43.985";"18.3497114555465"
"IRN";"Iran";"2020";"43.223";"17.3473595536076"
"IRQ";"Iraq";"2015";"40.781";"16.2641592054154"
"IRQ";"Iraq";"2016";"40.781";"16.2641312502039"
"IRQ";"Iraq";"2017";"40.781";"16.2641453405445"
"IRQ";"Iraq";"2018";"40.781";"16.264200311652"
"IRQ";"Iraq";"2019";"40.781";"16.264195945756"
"IRQ";"Iraq";"2020";"40.781";"16.2642046908316"
"ISL";"Iceland";"2015";"27.68";"5.93469907658227"
"ISL";"Iceland";"2016";"26.697";"5.57907792569316"
"ISL";"Iceland";"2017";"27.284";"5.90975510712472"
"ISL";"Iceland";"2018";"26.132";"5.39344142577478"
"ISL";"Iceland";"2019";"26.132";"5.39344260897767"
"ISL";"Iceland";"2020";"26.132";"5.39344174963265"
"ISR";"Israel";"2015";"39.872";"16.9393902893233"
"ISR";"Israel";"2016";"39.151";"15.4550782072831"
"ISR";"Israel";"2017";"38.315";"15.7937642251653"
"ISR";"Israel";"2018";"38.671";"15.2920988443441"
"ISR";"Israel";"2019";"38.671";"15.2921067829892"
"ISR";"Israel";"2020";"38.671";"15.2921115434207"
"ITA";"Italy";"2015";"36.176";"16.4740747142441"
"ITA";"Italy";"2016";"36.347";"16.8344466714805"
"ITA";"Italy";"2017";"36.015";"14.6988357268222"
"ITA";"Italy";"2018";"36.718";"15.3779921316156"
"ITA";"Italy";"2019";"36.019";"14.5986498999852"
"ITA";"Italy";"2020";"36.019";"14.5986449099265"
"JAM";"Jamaica";"2015";"47.739";"25.9077699955992"
"JAM";"Jamaica";"2016";"47.739";"25.907780382991"
"JAM";"Jamaica";"2017";"47.739";"25.9078343048931"
"JAM";"Jamaica";"2018";"47.739";"25.9078615964172"
"JAM";"Jamaica";"2019";"47.739";"25.9077532377428"
"JAM";"Jamaica";"2020";"47.739";"25.9078305333538"
"JOR";"Jordan";"2015";"40.041";"14.2465357941582"
"JOR";"Jordan";"2016";"40.041";"14.2465859785339"
"JOR";"Jordan";"2017";"40.041";"14.2465690025707"
"JOR";"Jordan";"2018";"40.041";"14.2465883860926"
"JOR";"Jordan";"2019";"40.041";"14.2465841336307"
"JOR";"Jordan";"2020";"40.041";"14.246578348922"
"JPN";"Japan";"2015";"32.886";"9.22618130291104"
"JPN";"Japan";"2016";"32.886";"9.22618380307204"
"JPN";"Japan";"2017";"32.886";"9.22618493263896"
"JPN";"Japan";"2018";"32.886";"9.22618620378982"
"JPN";"Japan";"2019";"32.886";"9.22618356054724"
"JPN";"Japan";"2020";"32.886";"9.22618624108356"
"KAZ";"Kazakhstan";"2015";"30.723";"7.02639217998806"
"KAZ";"Kazakhstan";"2016";"30.985";"7.31611306731221"
"KAZ";"Kazakhstan";"2017";"31.182";"7.26347765430086"
"KAZ";"Kazakhstan";"2018";"31.427";"7.3492497605495"
"KAZ";"Kazakhstan";"2019";"31.427";"7.3492520475621"
"KAZ";"Kazakhstan";"2020";"31.427";"7.34925407072966"
"KEN";"Kenya";"2015";"55.547";"48.4120498058642"
"KEN";"Kenya";"2016";"55.139";"45.676965869794"
"KEN";"Kenya";"2017";"55.139";"45.6767002767892"
"KEN";"Kenya";"2018";"55.139";"45.6772811070941"
"KEN";"Kenya";"2019";"55.139";"45.6774532219682"
"KEN";"Kenya";"2020";"55.139";"45.6775344105326"
"KGZ";"Kyrgyzstan";"2015";"32.031";"8.02194796313784"
"KGZ";"Kyrgyzstan";"2016";"30.481";"7.08506003011923"
"KGZ";"Kyrgyzstan";"2017";"30.822";"7.28272420752841"
"KGZ";"Kyrgyzstan";"2018";"31.108";"7.33532868520153"
"KGZ";"Kyrgyzstan";"2019";"32.549";"8.12000023349756"
"KGZ";"Kyrgyzstan";"2020";"32.047";"7.89907434055968"
"KHM";"Cambodia";"2015";"34.572";"8.06549292380845"
"KHM";"Cambodia";"2016";"34.572";"8.06552423969603"
"KHM";"Cambodia";"2017";"34.572";"8.06552166074131"
"KHM";"Cambodia";"2018";"34.572";"8.06551457665137"
"KHM";"Cambodia";"2019";"34.572";"8.06551777774897"
"KHM";"Cambodia";"2020";"34.572";"8.06551302931596"
"KIR";"Kiribati";"2015";"34.831";"8.86153912742382"
"KIR";"Kiribati";"2016";"34.348";"8.53079385750719"
"KIR";"Kiribati";"2017";"33.864";"8.21661811845763"
"KIR";"Kiribati";"2018";"33.38";"7.91754762237141"
"KIR";"Kiribati";"2019";"32.896";"7.63276767774577"
"KIR";"Kiribati";"2020";"32.413";"7.36113016215157"
"KNA";"Saint Kitts and Nevis";"2015";"47.011";"21.1855771240712"
"KNA";"Saint Kitts and Nevis";"2016";"47.18";"21.3106547044677"
"KNA";"Saint Kitts and Nevis";"2017";"47.384";"21.5139694922779"
"KNA";"Saint Kitts and Nevis";"2018";"47.9";"23.7253900430935"
"KNA";"Saint Kitts and Nevis";"2019";"48.39";"26.4082989046946"
"KNA";"Saint Kitts and Nevis";"2020";"48.968";"30.1923158475043"
"KOR";"Korea, Republic of";"2015";"31.584";"9.18231239695058"
"KOR";"Korea, Republic of";"2016";"31.688";"9.20225045239918"
"KOR";"Korea, Republic of";"2017";"31.688";"9.20224502510148"
"KOR";"Korea, Republic of";"2018";"31.688";"9.20224181731226"
"KOR";"Korea, Republic of";"2019";"31.688";"9.20224579937324"
"KOR";"Korea, Republic of";"2020";"31.688";"9.20224447094292"
"KWT";"Kuwait";"2015";"40.623";"15.9180286377632"
"KWT";"Kuwait";"2016";"40.623";"15.9180404165094"
"KWT";"Kuwait";"2017";"40.623";"15.9180273972603"
"KWT";"Kuwait";"2018";"40.623";"15.9180246598207"
"KWT";"Kuwait";"2019";"40.623";"15.9180263366999"
"KWT";"Kuwait";"2020";"40.623";"15.9180355830956"
"LAO";"Laos";"2015";"39.073";"11.167451193467"
"LAO";"Laos";"2016";"39.415";"11.3891870413755"
"LAO";"Laos";"2017";"39.757";"11.615895976681"
"LAO";"Laos";"2018";"40.099";"11.8476148494547"
"LAO";"Laos";"2019";"40.44";"12.084551260222"
"LAO";"Laos";"2020";"40.44";"12.0845819418473"
"LBN";"Lebanon";"2015";"35.83";"11.1646640018764"
"LBN";"Lebanon";"2016";"35.83";"11.1646651076096"
"LBN";"Lebanon";"2017";"35.83";"11.1646566134943"
"LBN";"Lebanon";"2018";"35.83";"11.1646442191993"
"LBN";"Lebanon";"2019";"35.83";"11.1646500267574"
"LBN";"Lebanon";"2020";"35.83";"11.1646668359768"
"LBR";"Liberia";"2015";"50.208";"24.6813725490196"
"LBR";"Liberia";"2016";"50.93";"26.4149771229484"
"LBR";"Liberia";"2017";"50.93";"26.4146331219287"
"LBR";"Liberia";"2018";"50.93";"26.4147483085826"
"LBR";"Liberia";"2019";"50.93";"26.4141784373324"
"LBR";"Liberia";"2020";"50.93";"26.4146214838588"
"LBY";"Libya";"2015";"40.018";"15.0928088938925"
"LBY";"Libya";"2016";"40.018";"15.0933520046495"
"LBY";"Libya";"2017";"40.024";"15.0995505774366"
"LBY";"Libya";"2018";"40.033";"15.1107155778375"
"LBY";"Libya";"2019";"40.045";"15.125848218142"
"LBY";"Libya";"2020";"40.059";"15.1439217094631"
"LCA";"Saint Lucia";"2015";"50.59";"40.1928892734855"
"LCA";"Saint Lucia";"2016";"50.996";"42.876155395419"
"LCA";"Saint Lucia";"2017";"50.996";"42.8762559217034"
"LCA";"Saint Lucia";"2018";"50.996";"42.8761030453129"
"LCA";"Saint Lucia";"2019";"50.996";"42.8763338372883"
"LCA";"Saint Lucia";"2020";"50.996";"42.8762796354824"
"LIE";"Liechtenstein";"2015";"32.572";"9.25843854409343"
"LIE";"Liechtenstein";"2016";"32.467";"9.20334083421144"
"LIE";"Liechtenstein";"2017";"32.29";"9.08323158588899"
"LIE";"Liechtenstein";"2018";"32.124";"8.95884894112361"
"LIE";"Liechtenstein";"2019";"32.332";"9.08831350967235"
"LIE";"Liechtenstein";"2020";"32.239";"9.26389119928841"
"LKA";"Sri Lanka";"2015";"46.625";"22.5538009791249"
"LKA";"Sri Lanka";"2016";"46.132";"21.7321822278185"
"LKA";"Sri Lanka";"2017";"46.132";"21.7321735607656"
"LKA";"Sri Lanka";"2018";"46.132";"21.7321277939367"
"LKA";"Sri Lanka";"2019";"46.132";"21.7321504703332"
"LKA";"Sri Lanka";"2020";"46.132";"21.7321124602814"
"LSO";"Lesotho";"2015";"60.484";"151.89136922526"
"LSO";"Lesotho";"2016";"59.71";"132.455835475578"
"LSO";"Lesotho";"2017";"58.936";"117.006431794183"
"LSO";"Lesotho";"2018";"58.162";"104.438799076213"
"LSO";"Lesotho";"2019";"58.162";"104.445033707865"
"LSO";"Lesotho";"2020";"58.162";"104.442060946271"
"LTU";"Lithuania";"2015";"37.174";"13.1791058160766"
"LTU";"Lithuania";"2016";"37.058";"13.0351956470242"
"LTU";"Lithuania";"2017";"37.833";"13.6436048456252"
"LTU";"Lithuania";"2018";"36.868";"12.6402292384767"
"LTU";"Lithuania";"2019";"35.421";"11.6224750521017"
"LTU";"Lithuania";"2020";"35.421";"11.6224780976796"
"LUX";"Luxembourg";"2015";"31.744";"8.33045848718977"
"LUX";"Luxembourg";"2016";"33.53";"9.63851533240465"
"LUX";"Luxembourg";"2017";"32.37";"9.06315539616439"
"LUX";"Luxembourg";"2018";"35.224";"11.6456531286063"
"LUX";"Luxembourg";"2019";"35.869";"11.8829417901106"
"LUX";"Luxembourg";"2020";"34.846";"10.001142179516"
"LVA";"Latvia";"2015";"35.289";"12.3111003527215"
"LVA";"Latvia";"2016";"34.369";"10.9270615331303"
"LVA";"Latvia";"2017";"34.662";"11.1573542309957"
"LVA";"Latvia";"2018";"35.747";"12.1867607243848"
"LVA";"Latvia";"2019";"35.268";"11.0849049473521"
"LVA";"Latvia";"2020";"34.677";"10.7690600794918"
"MAC";"Macao";"2015";"33.057";"9.33637706390667"
"MAC";"Macao";"2016";"32.996";"9.28071387410928"
"MAC";"Macao";"2017";"33.036";"9.32541276001277"
"MAC";"Macao";"2018";"33.069";"9.35979586341729"
"MAC";"Macao";"2019";"33.073";"9.36248523539007"
"MAC";"Macao";"2020";"33.078";"9.3651394307423"
"MAR";"Morocco";"2015";"42.204";"15.1187121445437"
"MAR";"Morocco";"2016";"42.204";"15.118731862376"
"MAR";"Morocco";"2017";"42.204";"15.1187355387405"
"MAR";"Morocco";"2018";"42.204";"15.1187093208891"
"MAR";"Morocco";"2019";"42.204";"15.118733317156"
"MAR";"Morocco";"2020";"42.204";"15.1187457026498"
"MCO";"Monaco";"2015";"32.572";"9.25843854409343"
"MCO";"Monaco";"2016";"32.467";"9.20334083421144"
"MCO";"Monaco";"2017";"32.29";"9.08323158588899"
"MCO";"Monaco";"2018";"32.124";"8.95884894112361"
"MCO";"Monaco";"2019";"32.332";"9.08831350967235"
"MCO";"Monaco";"2020";"32.239";"9.26389119928841"
"MDA";"Moldova";"2015";"30.857";"7.36000260111079"
"MDA";"Moldova";"2016";"30.38";"7.11538368443559"
"MDA";"Moldova";"2017";"30.092";"6.95224410662468"
"MDA";"Moldova";"2018";"29.896";"6.82849314940401"
"MDA";"Moldova";"2019";"30.173";"6.97626327829494"
"MDA";"Moldova";"2020";"30.173";"6.97625881885409"
"MDG";"Madagascar";"2015";"56.355";"49.9895047085041"
"MDG";"Madagascar";"2016";"56.355";"49.9887097919477"
"MDG";"Madagascar";"2017";"56.355";"49.988350877193"
"MDG";"Madagascar";"2018";"56.355";"49.987777622573"
"MDG";"Madagascar";"2019";"56.355";"49.9901765473655"
"MDG";"Madagascar";"2020";"56.355";"49.9872398602461"
"MDV";"Maldives";"2015";"46.619";"24.6559758923699"
"MDV";"Maldives";"2016";"45.741";"22.541401158777"
"MDV";"Maldives";"2017";"45.392";"21.2314270694164"
"MDV";"Maldives";"2018";"45.042";"20.0428844938359"
"MDV";"Maldives";"2019";"44.692";"18.9596164166879"
"MDV";"Maldives";"2020";"44.343";"17.9682274801448"
"MEX";"Mexico";"2015";"49.711";"26.4283199426846"
"MEX";"Mexico";"2016";"49.122";"25.1633987351195"
"MEX";"Mexico";"2017";"47.78";"23.3593519245148"
"MEX";"Mexico";"2018";"46.438";"21.6824171059268"
"MEX";"Mexico";"2019";"45.834";"20.7189798108154"
"MEX";"Mexico";"2020";"45.23";"19.8054522692292"
"MHL";"Marshall Islands";"2015";"37.623";"12.0735352466605"
"MHL";"Marshall Islands";"2016";"37.623";"12.07353081473"
"MHL";"Marshall Islands";"2017";"37.623";"12.0736098688567"
"MHL";"Marshall Islands";"2018";"37.623";"12.0735395344114"
"MHL";"Marshall Islands";"2019";"37.623";"12.073558542248"
"MHL";"Marshall Islands";"2020";"37.623";"12.073552631579"
"MKD";"North Macedonia";"2015";"35.246";"14.6666666666667"
"MKD";"North Macedonia";"2016";"35.119";"14.5672593076961"
"MKD";"North Macedonia";"2017";"34.251";"13.4611253043297"
"MKD";"North Macedonia";"2018";"33.844";"13.2320581358783"
"MKD";"North Macedonia";"2019";"33.071";"11.6219052187147"
"MKD";"North Macedonia";"2020";"33.071";"11.6218960217957"
"MLI";"Mali";"2015";"37.229";"13.3371961015315"
"MLI";"Mali";"2016";"36.096";"11.4961648453628"
"MLI";"Mali";"2017";"36.761";"12.1610462684865"
"MLI";"Mali";"2018";"35.792";"11.8523429904725"
"MLI";"Mali";"2019";"36.0";"11.4873764325081"
"MLI";"Mali";"2020";"40.183";"16.0509722701645"
"MLT";"Malta";"2015";"29.103";"6.94002353482288"
"MLT";"Malta";"2016";"29.673";"6.95282184374155"
"MLT";"Malta";"2017";"29.105";"6.75188867723219"
"MLT";"Malta";"2018";"29.316";"6.94605828108817"
"MLT";"Malta";"2019";"28.747";"6.73278325103441"
"MLT";"Malta";"2020";"31.066";"7.96298661422981"
"MMR";"Myanmar";"2015";"39.726";"12.1277284959633"
"MMR";"Myanmar";"2016";"37.119";"10.0684832721586"
"MMR";"Myanmar";"2017";"34.513";"8.41001726154017"
"MMR";"Myanmar";"2018";"34.513";"8.41001138554891"
"MMR";"Myanmar";"2019";"34.513";"8.41002655218621"
"MMR";"Myanmar";"2020";"34.513";"8.41003910553652"
"MNE";"Montenegro";"2015";"37.11";"13.8533983454082"
"MNE";"Montenegro";"2016";"37.049";"13.6428748201674"
"MNE";"Montenegro";"2017";"37.319";"16.0877331364857"
"MNE";"Montenegro";"2018";"35.92";"17.2837706733392"
"MNE";"Montenegro";"2019";"35.401";"14.0666725144539"
"MNE";"Montenegro";"2020";"34.477";"11.4999899499003"
"MNG";"Mongolia";"2015";"35.598";"9.41750462096152"
"MNG";"Mongolia";"2016";"35.684";"9.40459794215879"
"MNG";"Mongolia";"2017";"35.867";"9.47353932110662"
"MNG";"Mongolia";"2018";"36.049";"9.54334467593425"
"MNG";"Mongolia";"2019";"36.049";"9.54333579213946"
"MNG";"Mongolia";"2020";"36.049";"9.54332412549135"
"MOZ";"Mozambique";"2015";"59.372";"67.3291180638831"
"MOZ";"Mozambique";"2016";"59.372";"67.3302355738059"
"MOZ";"Mozambique";"2017";"59.372";"67.3284366287798"
"MOZ";"Mozambique";"2018";"59.372";"67.3294557097119"
"MOZ";"Mozambique";"2019";"59.372";"67.3308634020619"
"MOZ";"Mozambique";"2020";"59.372";"67.3263205013429"
"MRT";"Mauritania";"2015";"49.318";"27.7498765048763"
"MRT";"Mauritania";"2016";"49.318";"27.7499928290738"
"MRT";"Mauritania";"2017";"49.318";"27.7501457564063"
"MRT";"Mauritania";"2018";"49.318";"27.7499283129651"
"MRT";"Mauritania";"2019";"49.318";"27.7498374447644"
"MRT";"Mauritania";"2020";"49.318";"27.7500277561896"
"MSR";"Montserrat";"2015";"47.011";"21.1855655634169"
"MSR";"Montserrat";"2016";"47.18";"21.310643749101"
"MSR";"Montserrat";"2017";"47.384";"21.5139394603079"
"MSR";"Montserrat";"2018";"47.9";"23.7254094265611"
"MSR";"Montserrat";"2019";"48.39";"26.4083495441244"
"MSR";"Montserrat";"2020";"48.968";"30.1923162901125"
"MUS";"Mauritius";"2015";"48.618";"16.5240171926629"
"MUS";"Mauritius";"2016";"48.365";"16.307132038835"
"MUS";"Mauritius";"2017";"48.112";"16.0931231612109"
"MUS";"Mauritius";"2018";"48.112";"16.0931280598246"
"MUS";"Mauritius";"2019";"48.112";"16.0931208565015"
"MUS";"Mauritius";"2020";"48.112";"16.093124616329"
"MWI";"Malawi";"2015";"57.633";"41.7998447946514"
"MWI";"Malawi";"2016";"57.487";"39.9157978693101"
"MWI";"Malawi";"2017";"57.341";"38.2051103118793"
"MWI";"Malawi";"2018";"56.003";"35.2028261418118"
"MWI";"Malawi";"2019";"54.664";"32.4551957831325"
"MWI";"Malawi";"2020";"53.326";"29.930858404637"
"MYS";"Malaysia";"2015";"41.132";"13.8308797596039"
"MYS";"Malaysia";"2016";"41.037";"13.770808729888"
"MYS";"Malaysia";"2017";"40.943";"13.7105295616123"
"MYS";"Malaysia";"2018";"40.943";"13.7105334704916"
"MYS";"Malaysia";"2019";"40.943";"13.7105373583788"
"MYS";"Malaysia";"2020";"40.943";"13.710540481897"
"NAM";"Namibia";"2015";"62.471";"68.2670197549001"
"NAM";"Namibia";"2016";"62.269";"71.749769803845"
"NAM";"Namibia";"2017";"62.269";"71.7502046678636"
"NAM";"Namibia";"2018";"62.269";"71.7504561911658"
"NAM";"Namibia";"2019";"62.269";"71.7500483854159"
"NAM";"Namibia";"2020";"62.269";"71.7505344979034"
"NER";"Niger";"2015";"50.685";"23.8589511754069"
"NER";"Niger";"2016";"51.1";"24.2832475933377"
"NER";"Niger";"2017";"51.515";"24.7083565037157"
"NER";"Niger";"2018";"51.929";"25.136982263057"
"NER";"Niger";"2019";"52.344";"25.5682191516088"
"NER";"Niger";"2020";"52.344";"25.5676160030999"
"NGA";"Nigeria";"2015";"35.833";"9.21738507120329"
"NGA";"Nigeria";"2016";"35.76";"9.21991918587249"
"NGA";"Nigeria";"2017";"35.687";"9.2224939341201"
"NGA";"Nigeria";"2018";"35.614";"9.22500447833764"
"NGA";"Nigeria";"2019";"35.541";"9.22756883857787"
"NGA";"Nigeria";"2020";"35.541";"9.22756889876059"
"NIC";"Nicaragua";"2015";"49.188";"30.2887112614579"
"NIC";"Nicaragua";"2016";"49.188";"30.2888800792864"
"NIC";"Nicaragua";"2017";"49.188";"30.2887768937553"
"NIC";"Nicaragua";"2018";"49.188";"30.2887167251964"
"NIC";"Nicaragua";"2019";"49.188";"30.2887329896036"
"NIC";"Nicaragua";"2020";"49.188";"30.2887479636956"
"NLD";"Netherlands";"2015";"28.65";"6.87999377448985"
"NLD";"Netherlands";"2016";"28.651";"6.88905461025428"
"NLD";"Netherlands";"2017";"28.557";"6.99838522009208"
"NLD";"Netherlands";"2018";"28.882";"7.07639206028402"
"NLD";"Netherlands";"2019";"28.42";"6.76775988764675"
"NLD";"Netherlands";"2020";"29.422";"7.25151937749986"
"NOR";"Norway";"2015";"27.408";"6.86263656555637"
"NOR";"Norway";"2016";"27.694";"7.03497554109374"
"NOR";"Norway";"2017";"27.57";"7.00154643035997"
"NOR";"Norway";"2018";"27.446";"6.96804502382963"
"NOR";"Norway";"2019";"27.322";"6.93446866312309"
"NOR";"Norway";"2020";"27.47";"6.93824617061923"
"NPL";"Nepal";"2015";"47.02";"21.766658303165"
"NPL";"Nepal";"2016";"47.02";"21.7663065009904"
"NPL";"Nepal";"2017";"47.02";"21.7664556325997"
"NPL";"Nepal";"2018";"47.02";"21.7664641286117"
"NPL";"Nepal";"2019";"47.02";"21.766617318267"
"NPL";"Nepal";"2020";"47.02";"21.7665582425871"
"NRU";"Nauru";"2015";"34.771";"10.2851899210631"
"NRU";"Nauru";"2016";"34.771";"10.2852031217065"
"NRU";"Nauru";"2017";"34.771";"10.2852048568999"
"NRU";"Nauru";"2018";"34.771";"10.2851889976017"
"NRU";"Nauru";"2019";"34.771";"10.2851996662423"
"NRU";"Nauru";"2020";"34.771";"10.2852056267264"
"NZL";"New Zealand";"2015";"35.562";"9.9405629300065"
"NZL";"New Zealand";"2016";"34.636";"9.28474748405092"
"NZL";"New Zealand";"2017";"34.978";"9.71180410023904"
"NZL";"New Zealand";"2018";"34.893";"9.56250329562463"
"NZL";"New Zealand";"2019";"34.893";"9.56250146995016"
"NZL";"New Zealand";"2020";"34.893";"9.56250071134395"
"OMN";"Oman";"2015";"39.97";"13.0256367126432"
"OMN";"Oman";"2016";"39.97";"13.025632944934"
"OMN";"Oman";"2017";"39.97";"13.0256469833912"
"OMN";"Oman";"2018";"39.97";"13.0256345494372"
"OMN";"Oman";"2019";"39.97";"13.025633497977"
"OMN";"Oman";"2020";"39.97";"13.025633497977"
"PAK";"Pakistan";"2015";"45.156";"16.6833202330064"
"PAK";"Pakistan";"2016";"45.774";"17.1822381118107"
"PAK";"Pakistan";"2017";"45.386";"16.7508958235052"
"PAK";"Pakistan";"2018";"44.998";"16.3332602854584"
"PAK";"Pakistan";"2019";"44.611";"15.9285531782007"
"PAK";"Pakistan";"2020";"44.611";"15.9285421984917"
"PAN";"Panama";"2015";"50.033";"35.5041750509904"
"PAN";"Panama";"2016";"49.496";"35.3072947152254"
"PAN";"Panama";"2017";"50.596";"36.6830555387066"
"PAN";"Panama";"2018";"50.373";"36.2876590446787"
"PAN";"Panama";"2019";"50.757";"36.9776387261525"
"PAN";"Panama";"2020";"50.757";"36.9776772212715"
"PER";"Peru";"2015";"47.088";"37.0398942347203"
"PER";"Peru";"2016";"46.842";"34.8146766373572"
"PER";"Peru";"2017";"46.474";"34.2203829084195"
"PER";"Peru";"2018";"45.481";"28.0349870835265"
"PER";"Peru";"2019";"44.553";"25.269107238086"
"PER";"Peru";"2020";"47.985";"39.6736493825174"
"PHL";"Philippines";"2015";"44.398";"15.2448081419337"
"PHL";"Philippines";"2016";"43.626";"14.5348665338209"
"PHL";"Philippines";"2017";"42.855";"13.8711975801184"
"PHL";"Philippines";"2018";"42.084";"13.249512788151"
"PHL";"Philippines";"2019";"42.084";"13.2494957867721"
"PHL";"Philippines";"2020";"42.084";"13.2494982014746"
"PLW";"Palau";"2015";"41.95";"13.2322738805091"
"PLW";"Palau";"2016";"41.95";"13.2322928823351"
"PLW";"Palau";"2017";"41.95";"13.232286727079"
"PLW";"Palau";"2018";"41.95";"13.2322915214292"
"PLW";"Palau";"2019";"41.95";"13.2322853239522"
"PLW";"Palau";"2020";"41.95";"13.2322843129207"
"PNG";"Papua New Guinea";"2015";"42.726";"17.2962958157639"
"PNG";"Papua New Guinea";"2016";"42.726";"17.296333475544"
"PNG";"Papua New Guinea";"2017";"42.726";"17.2963219385547"
"PNG";"Papua New Guinea";"2018";"42.726";"17.2963126880959"
"PNG";"Papua New Guinea";"2019";"42.726";"17.2962345884705"
"PNG";"Papua New Guinea";"2020";"42.726";"17.2963349283544"
"POL";"Poland";"2015";"33.654";"10.3260803395166"
"POL";"Poland";"2016";"31.267";"8.50539305246162"
"POL";"Poland";"2017";"30.444";"7.70946549921864"
"POL";"Poland";"2018";"30.768";"8.32594471247461"
"POL";"Poland";"2019";"30.907";"8.88181106628936"
"POL";"Poland";"2020";"31.776";"11.4383390965712"
"PRI";"Puerto Rico";"2015";"52.3";"38.8911070728049"
"PRI";"Puerto Rico";"2016";"52.3";"38.8910341270523"
"PRI";"Puerto Rico";"2017";"52.3";"38.891066866736"
"PRI";"Puerto Rico";"2018";"52.3";"38.8911161639187"
"PRI";"Puerto Rico";"2019";"52.3";"38.8910458923255"
"PRI";"Puerto Rico";"2020";"52.3";"38.8910709423867"
"PRK";"Korea, DPR";"2015";"0.0";"1.0"
"PRK";"Korea, DPR";"2016";"0.0";"1.0"
"PRK";"Korea, DPR";"2017";"0.0";"1.0"
"PRK";"Korea, DPR";"2018";"0.0";"1.0"
"PRK";"Korea, DPR";"2019";"0.0";"1.0"
"PRK";"Korea, DPR";"2020";"0.0";"1.0"
"PRT";"Portugal";"2015";"35.556";"12.1229029884457"
"PRT";"Portugal";"2016";"35.504";"11.4783968276149"
"PRT";"Portugal";"2017";"35.164";"11.3367608390773"
"PRT";"Portugal";"2018";"33.776";"9.72678274845968"
"PRT";"Portugal";"2019";"33.46";"9.63454780533086"
"PRT";"Portugal";"2020";"32.755";"9.21026854171706"
"PRY";"Paraguay";"2015";"50.117";"32.2495137498758"
"PRY";"Paraguay";"2016";"50.847";"32.2845731974025"
"PRY";"Paraguay";"2017";"51.111";"29.2574946709601"
"PRY";"Paraguay";"2018";"48.152";"27.1685691212435"
"PRY";"Paraguay";"2019";"48.064";"26.6936809851419"
"PRY";"Paraguay";"2020";"46.661";"23.6323370992102"
"PSE";"West Bank and Gaza";"2015";"44.252";"21.3553499184157"
"PSE";"West Bank and Gaza";"2016";"44.571";"22.4240628566412"
"PSE";"West Bank and Gaza";"2017";"44.891";"23.5936907569242"
"PSE";"West Bank and Gaza";"2018";"44.891";"23.59347622394"
"PSE";"West Bank and Gaza";"2019";"44.891";"23.5936892743732"
"PSE";"West Bank and Gaza";"2020";"44.891";"23.5937495712777"
"QAT";"Qatar";"2015";"37.2";"12.6386022823635"
"QAT";"Qatar";"2016";"36.433";"11.4876123404847"
"QAT";"Qatar";"2017";"35.61";"10.7792174769976"
"QAT";"Qatar";"2018";"35.161";"10.0921912562443"
"QAT";"Qatar";"2019";"34.591";"9.51579747725792"
"QAT";"Qatar";"2020";"34.648";"9.55703089021348"
"ROU";"Romania";"2015";"39.264";"21.5490581762563"
"ROU";"Romania";"2016";"36.324";"16.6023176966069"
"ROU";"Romania";"2017";"34.704";"14.2367191597579"
"ROU";"Romania";"2018";"36.212";"16.3742508763767"
"ROU";"Romania";"2019";"35.946";"15.6795152702896"
"ROU";"Romania";"2020";"35.062";"14.9996451578836"
"RUS";"Russia";"2015";"36.021";"11.1033422633923"
"RUS";"Russia";"2016";"35.542";"10.7647257424475"
"RUS";"Russia";"2017";"35.795";"10.6429697051614"
"RUS";"Russia";"2018";"34.668";"9.90240481965641"
"RUS";"Russia";"2019";"34.69";"9.6123497543799"
"RUS";"Russia";"2020";"35.023";"9.87595476188144"
"RWA";"Rwanda";"2015";"57.617";"43.3448242657679"
"RWA";"Rwanda";"2016";"57.294";"42.6825618144636"
"RWA";"Rwanda";"2017";"56.97";"42.026395242452"
"RWA";"Rwanda";"2018";"56.97";"42.0266049489531"
"RWA";"Rwanda";"2019";"56.97";"42.0278690519654"
"RWA";"Rwanda";"2020";"56.97";"42.0270386635667"
"SAU";"Saudi Arabia";"2015";"37.2";"12.6386060101395"
"SAU";"Saudi Arabia";"2016";"36.433";"11.4876124274519"
"SAU";"Saudi Arabia";"2017";"35.61";"10.7792163946049"
"SAU";"Saudi Arabia";"2018";"35.161";"10.0921878217324"
"SAU";"Saudi Arabia";"2019";"34.591";"9.51579841355571"
"SAU";"Saudi Arabia";"2020";"34.648";"9.55702984383911"
"SDN";"Sudan";"2015";"53.46";"30.5853469971872"
"SDN";"Sudan";"2016";"53.46";"30.5852067540749"
"SDN";"Sudan";"2017";"53.46";"30.5854132178785"
"SDN";"Sudan";"2018";"53.46";"30.5854567364866"
"SDN";"Sudan";"2019";"53.46";"30.585418038183"
"SDN";"Sudan";"2020";"53.46";"30.5852426452961"
"SEN";"Senegal";"2015";"54.183";"39.1115021693619"
"SEN";"Senegal";"2016";"53.936";"36.559391392711"
"SEN";"Senegal";"2017";"53.689";"34.313898020218"
"SEN";"Senegal";"2018";"53.442";"32.3231835315893"
"SEN";"Senegal";"2019";"53.196";"30.5459420808009"
"SEN";"Senegal";"2020";"53.196";"30.5459848420335"
"SGP";"Singapore";"2015";"40.234";"18.4547849816505"
"SGP";"Singapore";"2016";"40.234";"18.4547924343319"
"SGP";"Singapore";"2017";"40.234";"18.4547940093673"
"SGP";"Singapore";"2018";"40.234";"18.4547857514524"
"SGP";"Singapore";"2019";"40.234";"18.4547887749503"
"SGP";"Singapore";"2020";"40.234";"18.4547925381724"
"SLB";"Solomon Islands";"2015";"39.199";"12.1550599815441"
"SLB";"Solomon Islands";"2016";"39.199";"12.155062582984"
"SLB";"Solomon Islands";"2017";"39.199";"12.1550217388143"
"SLB";"Solomon Islands";"2018";"39.199";"12.1550523398573"
"SLB";"Solomon Islands";"2019";"39.199";"12.1551227181413"
"SLB";"Solomon Islands";"2020";"39.199";"12.15495264989"
"SLE";"Sierra Leone";"2015";"50.72";"22.8247378250251"
"SLE";"Sierra Leone";"2016";"50.878";"22.8468369243478"
"SLE";"Sierra Leone";"2017";"51.037";"22.8689652857047"
"SLE";"Sierra Leone";"2018";"51.195";"22.8904972302823"
"SLE";"Sierra Leone";"2019";"51.195";"22.8907054871221"
"SLE";"Sierra Leone";"2020";"51.195";"22.8903735297058"
"SLV";"El Salvador";"2015";"42.493";"15.7562530566618"
"SLV";"El Salvador";"2016";"41.851";"15.8935808782924"
"SLV";"El Salvador";"2017";"39.868";"13.7676773642753"
"SLV";"El Salvador";"2018";"40.53";"14.5181682840759"
"SLV";"El Salvador";"2019";"40.58";"14.0401408268399"
"SLV";"El Salvador";"2020";"42.121";"19.9237490629685"
"SMR";"San Marino";"2015";"32.572";"9.25843981695533"
"SMR";"San Marino";"2016";"32.467";"9.20334068917839"
"SMR";"San Marino";"2017";"32.29";"9.08323062738073"
"SMR";"San Marino";"2018";"32.124";"8.95885061953247"
"SMR";"San Marino";"2019";"32.332";"9.08830973093082"
"SMR";"San Marino";"2020";"32.239";"9.26389227985155"
"SOM";"Somalia";"2015";"54.281";"64.2081505847953"
"SOM";"Somalia";"2016";"54.812";"72.26211496959"
"SOM";"Somalia";"2017";"54.812";"72.2622690244387"
"SOM";"Somalia";"2018";"54.812";"72.2519171779141"
"SOM";"Somalia";"2019";"54.812";"72.2598497342863"
"SOM";"Somalia";"2020";"54.812";"72.2534069981584"
"SRB";"Serbia";"2015";"35.175";"13.9676515644346"
"SRB";"Serbia";"2016";"34.399";"13.1458042455269"
"SRB";"Serbia";"2017";"32.618";"11.8231859780885"
"SRB";"Serbia";"2018";"30.13";"9.86434919593042"
"SRB";"Serbia";"2019";"28.674";"7.62448305678257"
"SRB";"Serbia";"2020";"28.103";"7.16803017817312"
"SSD";"South Sudan";"2015";"59.011";"179.167878324086"
"SSD";"South Sudan";"2016";"59.011";"179.168858196954"
"SSD";"South Sudan";"2017";"59.011";"179.17245209664"
"SSD";"South Sudan";"2018";"59.011";"179.169202397418"
"SSD";"South Sudan";"2019";"59.011";"179.173908882083"
"SSD";"South Sudan";"2020";"59.011";"179.170085640311"
"STP";"Sao Tome and Principe";"2015";"53.088";"33.0001814662473"
"STP";"Sao Tome and Principe";"2016";"54.103";"36.7170119487664"
"STP";"Sao Tome and Principe";"2017";"55.118";"41.1655664419892"
"STP";"Sao Tome and Principe";"2018";"55.118";"41.165107534278"
"STP";"Sao Tome and Principe";"2019";"55.118";"41.164860787272"
"STP";"Sao Tome and Principe";"2020";"55.118";"41.165126211837"
"SUR";"Suriname";"2015";"57.614";"184.234081591048"
"SUR";"Suriname";"2016";"57.614";"184.237478639678"
"SUR";"Suriname";"2017";"57.614";"184.235658729209"
"SUR";"Suriname";"2018";"57.614";"184.235478300909"
"SUR";"Suriname";"2019";"57.614";"184.235714614076"
"SUR";"Suriname";"2020";"57.614";"184.237560679612"
"SVK";"Slovakia";"2015";"26.031";"6.95225821876868"
"SVK";"Slovakia";"2016";"26.585";"7.08496674682216"
"SVK";"Slovakia";"2017";"24.519";"6.01914174294447"
"SVK";"Slovakia";"2018";"23.211";"5.31000146962181"
"SVK";"Slovakia";"2019";"24.983";"6.12291140391798"
"SVK";"Slovakia";"2020";"23.234";"5.31814366918943"
"SVN";"Slovenia";"2015";"26.457";"6.00797746639854"
"SVN";"Slovenia";"2016";"26.192";"5.81672006831233"
"SVN";"Slovenia";"2017";"25.563";"5.51329144269224"
"SVN";"Slovenia";"2018";"25.023";"5.31375293425245"
"SVN";"Slovenia";"2019";"25.434";"5.35356676039434"
"SVN";"Slovenia";"2020";"25.159";"5.22460380279438"
"SWE";"Sweden";"2015";"28.291";"7.01406500720143"
"SWE";"Sweden";"2016";"29.081";"7.541784185216"
"SWE";"Sweden";"2017";"29.417";"7.61648626590659"
"SWE";"Sweden";"2018";"28.719";"7.19919429758216"
"SWE";"Sweden";"2019";"29.843";"8.25315240333538"
"SWE";"Sweden";"2020";"29.201";"7.53929168224341"
"SWZ";"Eswatini";"2015";"64.374";"185.833550347222"
"SWZ";"Eswatini";"2016";"64.684";"189.833663540704"
"SWZ";"Eswatini";"2017";"64.994";"193.955233793836"
"SWZ";"Eswatini";"2018";"64.994";"193.957878178799"
"SWZ";"Eswatini";"2019";"64.994";"193.953317270459"
"SWZ";"Eswatini";"2020";"64.994";"193.956234772979"
"SXM";"Sint Maarten (Dutch part)";"2015";"47.011";"21.1855829827289"
"SXM";"Sint Maarten (Dutch part)";"2016";"47.18";"21.3106282097533"
"SXM";"Sint Maarten (Dutch part)";"2017";"47.384";"21.513951728299"
"SXM";"Sint Maarten (Dutch part)";"2018";"47.9";"23.7253821631178"
"SXM";"Sint Maarten (Dutch part)";"2019";"48.39";"26.4083366769031"
"SXM";"Sint Maarten (Dutch part)";"2020";"48.968";"30.1923098053608"
"SYC";"Seychelles";"2015";"41.389";"16.2473265838877"
"SYC";"Seychelles";"2016";"39.069";"14.2408673734179"
"SYC";"Seychelles";"2017";"36.75";"12.4275965037793"
"SYC";"Seychelles";"2018";"34.43";"10.7808990252562"
"SYC";"Seychelles";"2019";"32.111";"9.27883631812244"
"SYC";"Seychelles";"2020";"32.111";"9.27882500162569"
"SYR";"Syria";"2015";"35.316";"9.19938716372323"
"SYR";"Syria";"2016";"35.316";"9.19930279269188"
"SYR";"Syria";"2017";"35.316";"9.19935723888981"
"SYR";"Syria";"2018";"35.316";"9.19930490576126"
"SYR";"Syria";"2019";"35.316";"9.19933447922576"
"SYR";"Syria";"2020";"35.316";"9.19933447922576"
"TCA";"Turks and Caicos Islands";"2015";"47.011";"21.1855877221793"
"TCA";"Turks and Caicos Islands";"2016";"47.18";"21.3106372922301"
"TCA";"Turks and Caicos Islands";"2017";"47.384";"21.5139852768807"
"TCA";"Turks and Caicos Islands";"2018";"47.9";"23.7254126206563"
"TCA";"Turks and Caicos Islands";"2019";"48.39";"26.4083035756797"
"TCA";"Turks and Caicos Islands";"2020";"48.968";"30.1922744750518"
"TCD";"Chad";"2015";"54.712";"41.2988464311464"
"TCD";"Chad";"2016";"54.177";"37.0987654320988"
"TCD";"Chad";"2017";"53.641";"33.6390820584145"
"TCD";"Chad";"2018";"53.106";"30.7360025742392"
"TCD";"Chad";"2019";"52.571";"28.2684634974533"
"TCD";"Chad";"2020";"52.571";"28.2688471045198"
"TGO";"Togo";"2015";"56.68";"66.98493348293"
"TGO";"Togo";"2016";"56.541";"59.1773476506395"
"TGO";"Togo";"2017";"56.402";"53.0614665708124"
"TGO";"Togo";"2018";"56.263";"48.14235964542"
"TGO";"Togo";"2019";"56.124";"44.0994116548375"
"TGO";"Togo";"2020";"56.124";"44.0983313748531"
"THA";"Thailand";"2015";"37.831";"11.0620020404774"
"THA";"Thailand";"2016";"38.527";"11.6693496404464"
"THA";"Thailand";"2017";"38.245";"11.4658521396844"
"THA";"Thailand";"2018";"38.196";"11.5162507079394"
"THA";"Thailand";"2019";"37.038";"10.3909820676497"
"THA";"Thailand";"2020";"37.179";"10.7382818302536"
"TJK";"Tajikistan";"2015";"35.929";"11.5690179846258"
"TJK";"Tajikistan";"2016";"35.929";"11.5689280924664"
"TJK";"Tajikistan";"2017";"35.929";"11.5689390531135"
"TJK";"Tajikistan";"2018";"35.929";"11.5689061968316"
"TJK";"Tajikistan";"2019";"35.929";"11.568992248062"
"TJK";"Tajikistan";"2020";"35.929";"11.5689202706678"
"TKM";"Turkmenistan";"2015";"40.964";"16.2751618215316"
"TKM";"Turkmenistan";"2016";"40.964";"16.2751136381387"
"TKM";"Turkmenistan";"2017";"40.964";"16.2751195904656"
"TKM";"Turkmenistan";"2018";"40.964";"16.2751153241026"
"TKM";"Turkmenistan";"2019";"40.964";"16.2751181902155"
"TKM";"Turkmenistan";"2020";"40.964";"16.2751181902155"
"TLS";"Timor-Leste";"2015";"33.026";"7.62673416612617"
"TLS";"Timor-Leste";"2016";"33.026";"7.62675114805557"
"TLS";"Timor-Leste";"2017";"33.026";"7.62676462366343"
"TLS";"Timor-Leste";"2018";"33.026";"7.62676618611452"
"TLS";"Timor-Leste";"2019";"33.026";"7.62673452986874"
"TLS";"Timor-Leste";"2020";"33.026";"7.62671719564188"
"TON";"Tonga";"2015";"39.101";"13.0176565363921"
"TON";"Tonga";"2016";"39.101";"13.0175948997063"
"TON";"Tonga";"2017";"39.101";"13.0176357497571"
"TON";"Tonga";"2018";"39.101";"13.0176454464469"
"TON";"Tonga";"2019";"39.101";"13.0176614430859"
"TON";"Tonga";"2020";"39.101";"13.0176164798881"
"TTO";"Trinidad and Tobago";"2015";"40.134";"14.4341622577594"
"TTO";"Trinidad and Tobago";"2016";"40.134";"14.4341646900556"
"TTO";"Trinidad and Tobago";"2017";"40.134";"14.4341802782819"
"TTO";"Trinidad and Tobago";"2018";"40.134";"14.4341771220427"
"TTO";"Trinidad and Tobago";"2019";"40.134";"14.4341587638735"
"TTO";"Trinidad and Tobago";"2020";"40.134";"14.4341637590232"
"TUN";"Tunisia";"2015";"39.852";"13.0869521519633"
"TUN";"Tunisia";"2016";"39.42";"12.5394145530084"
"TUN";"Tunisia";"2017";"39.42";"12.5394338293076"
"TUN";"Tunisia";"2018";"39.42";"12.5394427880257"
"TUN";"Tunisia";"2019";"39.42";"12.5394073826673"
"TUN";"Tunisia";"2020";"39.42";"12.5394118122324"
"TUR";"Turkiye";"2015";"43.526";"18.176470466826"
"TUR";"Turkiye";"2016";"44.166";"17.9333178832323"
"TUR";"Turkiye";"2017";"44.363";"18.3264162735674"
"TUR";"Turkiye";"2018";"44.441";"18.3937848631878"
"TUR";"Turkiye";"2019";"43.463";"17.7046593057384"
"TUR";"Turkiye";"2020";"44.66";"19.8876417645157"
"TUV";"Tuvalu";"2015";"40.146";"13.8629792968272"
"TUV";"Tuvalu";"2016";"40.146";"13.8630265548483"
"TUV";"Tuvalu";"2017";"40.146";"13.8630542332838"
"TUV";"Tuvalu";"2018";"40.146";"13.8630619599871"
"TUV";"Tuvalu";"2019";"40.146";"13.8629472472174"
"TUV";"Tuvalu";"2020";"40.146";"13.8629952988583"
"TWN";"Taiwan";"2015";"31.829";"7.70371009398976"
"TWN";"Taiwan";"2016";"31.49";"7.48748815863175"
"TWN";"Taiwan";"2017";"31.49";"7.48749011011005"
"TWN";"Taiwan";"2018";"31.49";"7.4874906335098"
"TWN";"Taiwan";"2019";"31.49";"7.48748938026269"
"TWN";"Taiwan";"2020";"31.49";"7.48748938026269"
"TZA";"Tanzania";"2015";"53.898";"31.2489077742534"
"TZA";"Tanzania";"2016";"54.222";"32.0874635568513"
"TZA";"Tanzania";"2017";"54.546";"32.961121104857"
"TZA";"Tanzania";"2018";"54.871";"33.8717458662729"
"TZA";"Tanzania";"2019";"54.871";"33.8719163212947"
"TZA";"Tanzania";"2020";"54.871";"33.8724597256219"
"UGA";"Uganda";"2015";"55.729";"38.3439393314924"
"UGA";"Uganda";"2016";"56.02";"38.3153156806293"
"UGA";"Uganda";"2017";"56.311";"38.2864562200763"
"UGA";"Uganda";"2018";"56.282";"39.3394424577373"
"UGA";"Uganda";"2019";"56.253";"40.4481120584653"
"UGA";"Uganda";"2020";"56.225";"41.6179892851164"
"UKR";"Ukraine";"2015";"29.447";"6.99698561731822"
"UKR";"Ukraine";"2016";"29.099";"6.75221062887195"
"UKR";"Ukraine";"2017";"29.952";"7.19504709135515"
"UKR";"Ukraine";"2018";"29.943";"7.14285187968817"
"UKR";"Ukraine";"2019";"30.334";"7.43887220008346"
"UKR";"Ukraine";"2020";"29.642";"7.0150532732625"
"URY";"Uruguay";"2015";"40.629";"14.187309813026"
"URY";"Uruguay";"2016";"40.171";"13.4044210100161"
"URY";"Uruguay";"2017";"39.986";"13.0147386751786"
"URY";"Uruguay";"2018";"40.234";"13.0883603602256"
"URY";"Uruguay";"2019";"40.194";"12.9894643529414"
"URY";"Uruguay";"2020";"40.796";"13.7042270116962"
"USA";"United States";"2015";"41.487";"17.6311378701945"
"USA";"United States";"2016";"41.205";"17.2364436925627"
"USA";"United States";"2017";"41.088";"17.2892751313058"
"USA";"United States";"2018";"41.148";"17.6037204521127"
"USA";"United States";"2019";"41.36";"17.6834050667143"
"USA";"United States";"2020";"41.491";"17.4947103131902"
"UZB";"Uzbekistan";"2015";"36.85";"12.5911474954905"
"UZB";"Uzbekistan";"2016";"36.85";"12.5911008336721"
"UZB";"Uzbekistan";"2017";"36.85";"12.5911295191478"
"UZB";"Uzbekistan";"2018";"36.85";"12.5911419309938"
"UZB";"Uzbekistan";"2019";"36.85";"12.5910881993884"
"UZB";"Uzbekistan";"2020";"36.85";"12.5911059424951"
"VCT";"Saint Vincent and the Grenadines";"2015";"48.695";"29.1201686622892"
"VCT";"Saint Vincent and the Grenadines";"2016";"48.708";"30.1085178339691"
"VCT";"Saint Vincent and the Grenadines";"2017";"48.338";"30.0407354072554"
"VCT";"Saint Vincent and the Grenadines";"2018";"48.298";"29.5853591618493"
"VCT";"Saint Vincent and the Grenadines";"2019";"48.094";"29.2958289719923"
"VCT";"Saint Vincent and the Grenadines";"2020";"47.735";"29.5188137052686"
"VEN";"Venezuela";"2015";"37.448";"11.2368543147277"
"VEN";"Venezuela";"2016";"37.448";"11.2368592088065"
"VEN";"Venezuela";"2017";"37.448";"11.2368658213786"
"VEN";"Venezuela";"2018";"37.448";"11.2368834497166"
"VEN";"Venezuela";"2019";"37.448";"11.2368837960471"
"VEN";"Venezuela";"2020";"37.448";"11.2368837960471"
"VGB";"British Virgin Islands";"2015";"47.011";"21.1855667332952"
"VGB";"British Virgin Islands";"2016";"47.18";"21.3106433924633"
"VGB";"British Virgin Islands";"2017";"47.384";"21.5139601310024"
"VGB";"British Virgin Islands";"2018";"47.9";"23.7253736306129"
"VGB";"British Virgin Islands";"2019";"48.39";"26.408342343548"
"VGB";"British Virgin Islands";"2020";"48.968";"30.1923276766566"
"VNM";"Vietnam";"2015";"35.662";"10.1509159488955"
"VNM";"Vietnam";"2016";"35.922";"10.3173985916506"
"VNM";"Vietnam";"2017";"36.165";"10.6399234324565"
"VNM";"Vietnam";"2018";"36.409";"10.9788706097131"
"VNM";"Vietnam";"2019";"36.409";"10.978858319919"
"VNM";"Vietnam";"2020";"36.409";"10.9788704012896"
"VUT";"Vanuatu";"2015";"37.575";"11.0658849733106"
"VUT";"Vanuatu";"2016";"37.206";"10.8314221465754"
"VUT";"Vanuatu";"2017";"36.837";"10.6016588155725"
"VUT";"Vanuatu";"2018";"36.468";"10.3765827969573"
"VUT";"Vanuatu";"2019";"36.098";"10.1558947524764"
"VUT";"Vanuatu";"2020";"35.729";"9.93947005209952"
"WSM";"Samoa";"2015";"40.433";"12.8015411381312"
"WSM";"Samoa";"2016";"40.433";"12.8015427516025"
"WSM";"Samoa";"2017";"40.433";"12.8015524522507"
"WSM";"Samoa";"2018";"40.433";"12.8015390056219"
"WSM";"Samoa";"2019";"40.433";"12.8015286444728"
"WSM";"Samoa";"2020";"40.433";"12.8015397775877"
"XKX";"Kosovo";"2015";"40.708";"27.7699183625805"
"XKX";"Kosovo";"2016";"40.929";"31.4381710768678"
"XKX";"Kosovo";"2017";"41.733";"32.9824603555983"
"XKX";"Kosovo";"2018";"42.538";"34.5632948038858"
"XKX";"Kosovo";"2019";"42.538";"34.563124700704"
"XKX";"Kosovo";"2020";"42.538";"34.56317566124"
"YEM";"Yemen";"2015";"39.616";"12.9209236291554"
"YEM";"Yemen";"2016";"39.616";"12.9208530301418"
"YEM";"Yemen";"2017";"39.616";"12.9207474121102"
"YEM";"Yemen";"2018";"39.616";"12.9209122432649"
"YEM";"Yemen";"2019";"39.616";"12.9207787681123"
"YEM";"Yemen";"2020";"39.616";"12.9207787681123"
"ZAF";"South Africa";"2015";"67.274";"106.506724827336"
"ZAF";"South Africa";"2016";"67.096";"105.933675411269"
"ZAF";"South Africa";"2017";"66.918";"105.35979135155"
"ZAF";"South Africa";"2018";"66.918";"105.359709690629"
"ZAF";"South Africa";"2019";"66.918";"105.359590705119"
"ZAF";"South Africa";"2020";"66.918";"105.359378142161"
"ZMB";"Zambia";"2015";"66.506";"410.970858551894"
"ZMB";"Zambia";"2016";"66.506";"411.018699910953"
"ZMB";"Zambia";"2017";"66.506";"410.945514950166"
"ZMB";"Zambia";"2018";"66.506";"410.974134151688"
"ZMB";"Zambia";"2019";"66.506";"410.954848754448"
"ZMB";"Zambia";"2020";"66.506";"410.999293452661"
"ZWE";"Zimbabwe";"2015";"57.4";"43.6245344625274"
"ZWE";"Zimbabwe";"2016";"57.534";"43.4653736072779"
"ZWE";"Zimbabwe";"2017";"57.668";"43.3080236278612"
"ZWE";"Zimbabwe";"2018";"57.668";"43.3086466792084"
"ZWE";"Zimbabwe";"2019";"57.668";"43.3083099570219"
"ZWE";"Zimbabwe";"2020";"57.668";"43.3082516157789"
"region_wb-east_asia_and_the_pacific";"East Asia and the Pacific";"2015";"50.372";"33.1207812585193"
"region_wb-east_asia_and_the_pacific";"East Asia and the Pacific";"2016";"49.893";"31.5610016200277"
"region_wb-east_asia_and_the_pacific";"East Asia and the Pacific";"2017";"49.703";"31.2240540168114"
"region_wb-east_asia_and_the_pacific";"East Asia and the Pacific";"2018";"49.706";"30.3657708149757"
"region_wb-east_asia_and_the_pacific";"East Asia and the Pacific";"2019";"49.002";"28.1072257750111"
"region_wb-east_asia_and_the_pacific";"East Asia and the Pacific";"2020";"48.783";"27.7772755639581"
"region_wb-europe_and_central_asia";"Europe and Central Asia";"2015";"42.212";"22.00527487985"
"region_wb-europe_and_central_asia";"Europe and Central Asia";"2016";"42.112";"21.5443287824178"
"region_wb-europe_and_central_asia";"Europe and Central Asia";"2017";"42.022";"21.3431902092165"
"region_wb-europe_and_central_asia";"Europe and Central Asia";"2018";"41.676";"20.7517671696421"
"region_wb-europe_and_central_asia";"Europe and Central Asia";"2019";"41.55";"20.44629400406"
"region_wb-europe_and_central_asia";"Europe and Central Asia";"2020";"41.388";"20.3345165075693"
"region_wb-latin_america_and_the_caribbean";"Latin America and the Caribbean";"2015";"50.724";"39.46845093581"
"region_wb-latin_america_and_the_caribbean";"Latin America and the Caribbean";"2016";"50.694";"41.5646917897809"
"region_wb-latin_america_and_the_caribbean";"Latin America and the Caribbean";"2017";"50.442";"41.2815054790633"
"region_wb-latin_america_and_the_caribbean";"Latin America and the Caribbean";"2018";"50.476";"40.6161145523508"
"region_wb-latin_america_and_the_caribbean";"Latin America and the Caribbean";"2019";"50.69";"41.8216562312073"
"region_wb-latin_america_and_the_caribbean";"Latin America and the Caribbean";"2020";"50.243";"40.7276866209881"
"region_wb-middle_east_and_north_africa";"Middle East and North Africa";"2015";"55.573";"39.8395010887593"
"region_wb-middle_east_and_north_africa";"Middle East and North Africa";"2016";"55.143";"41.1988671431126"
"region_wb-middle_east_and_north_africa";"Middle East and North Africa";"2017";"54.642";"40.8687092400832"
"region_wb-middle_east_and_north_africa";"Middle East and North Africa";"2018";"54.541";"40.8001605936102"
"region_wb-middle_east_and_north_africa";"Middle East and North Africa";"2019";"54.471";"40.6380428213508"
"region_wb-middle_east_and_north_africa";"Middle East and North Africa";"2020";"54.176";"39.3904435744928"
"region_wb-north_america";"North America";"2015";"40.947";"15.6762690163815"
"region_wb-north_america";"North America";"2016";"40.628";"15.2694072663177"
"region_wb-north_america";"North America";"2017";"40.562";"15.3216880137641"
"region_wb-north_america";"North America";"2018";"40.582";"15.658055831875"
"region_wb-north_america";"North America";"2019";"40.787";"15.6008229440742"
"region_wb-north_america";"North America";"2020";"40.952";"15.432281899543"
"region_wb-south_asia";"South Asia";"2015";"51.349";"31.9379801446649"
"region_wb-south_asia";"South Asia";"2016";"51.512";"32.2312599439351"
"region_wb-south_asia";"South Asia";"2017";"51.497";"32.2857718429838"
"region_wb-south_asia";"South Asia";"2018";"51.474";"32.1968156165653"
"region_wb-south_asia";"South Asia";"2019";"51.449";"30.4465977093489"
"region_wb-south_asia";"South Asia";"2020";"51.247";"32.0917049964894"
"region_wb-sub_saharan_africa";"Sub-Saharan Africa";"2015";"63.159";"92.3891481638618"
"region_wb-sub_saharan_africa";"Sub-Saharan Africa";"2016";"62.784";"89.698283062645"
"region_wb-sub_saharan_africa";"Sub-Saharan Africa";"2017";"62.529";"89.3859438492797"
"region_wb-sub_saharan_africa";"Sub-Saharan Africa";"2018";"62.251";"87.9031242873432"
"region_wb-sub_saharan_africa";"Sub-Saharan Africa";"2019";"61.933";"87.6527238686698"
"region_wb-sub_saharan_africa";"Sub-Saharan Africa";"2020";"61.427";"84.7872699962448"