Downloaded from wid.world on 28-07-2023 at 10:54:41
Country Code;Country Name;WID Variable code;Percentile group;Unit;Variable name;Intuitive description;Technical description;Methodological Notes;Sources;Extrapolations;Data points
AU;Australia;sptinc992j;p0p50;share;Pre-tax national income. Share Adults. equal-split adults;Pre-tax national income share held by the p0p50 group. Pre-tax national income  is the sum of all pre-tax personal income flows accruing to the owners of the production factors, labor and capital, before taking into account the operation of the tax/transfer system, but after taking into account the operation of pension system. The central difference between personal factor income and pre-tax income is the treatment of pensions, which are counted on a contribution basis by factor income and on a distribution basis by pre-tax income. The population is comprised of individuals over age 20. The base unit is the individual (rather than the household) but resources are split equally within couples.;Pre-tax national income =Pre-tax labor income [total pre-tax income ranking]+Pre-tax capital income [total pre-tax income ranking];;"[URL][URL_LINK]http://wordpress.wid.world/document/2021-dina-regional-update-for-australia-canada-and-new-zealand-world-inequality-lab-technical-note-2021-19/[/URL_LINK][URL_TEXT]Fisher-Post, M. (2021), “Simplified DINA for Australia, Canada and New Zealand”[/URL_TEXT][/URL]; For long run series (full population), [URL][URL_LINK]http://wordpress.wid.world/document/longrunpaper/[/URL_LINK][URL_TEXT]Chancel, L., Piketty, T. “Global Income Inequality 1820-2020: The Persistence and Mutation of Extreme Inequality” (2021)[/URL_TEXT][/URL][URL][URL_LINK]http://wordpress.wid.world/document/historical-inequality-series-on-wid-world-updates-world-inequality-lab-technical-note-2023-01/[/URL_LINK][URL_TEXT] ; Chancel, L., Moshrif, R., Piketty, T., Xuereb, S., (2023),  ""Historical Inequality Series on WID.world - Updates""[/URL_TEXT][/URL]";[[1820, 1910], [2019, 2021]];
AT;Austria;sptinc992j;p0p50;share;Pre-tax national income. Share Adults. equal-split adults;Pre-tax national income share held by the p0p50 group. Pre-tax national income  is the sum of all pre-tax personal income flows accruing to the owners of the production factors, labor and capital, before taking into account the operation of the tax/transfer system, but after taking into account the operation of pension system. The central difference between personal factor income and pre-tax income is the treatment of pensions, which are counted on a contribution basis by factor income and on a distribution basis by pre-tax income. The population is comprised of individuals over age 20. The base unit is the individual (rather than the household) but resources are split equally within couples.;Pre-tax national income =Pre-tax labor income [total pre-tax income ranking]+Pre-tax capital income [total pre-tax income ranking];Summary of data construction by year (see source for details): 1982-2002: extrapolated survey + tax data, 2003-2019: survey + tax data, 2020-2021: extrapolated distribution;"Before 2003, [URL][URL_LINK]https://wid.world/document/why-is-europe-more-equal-than-the-united-states-world-inequality-lab-wp-2020-19/[/URL_LINK][URL_TEXT]Blanchet, Chancel and Gethin (2020), “Why is Europe less Unequal than the US?”; [/URL_TEXT][/URL] After 2003, Stefan Jestl and Emanuel List, “Distributional National Accounts (DINA) for Austria, 2004-2016”; [URL][URL_LINK]http://wordpress.wid.world/document/2022-dina-regional-update-for-europe-world-inequality-lab-technical-note-2022-02/[/URL_LINK][URL_TEXT]Updated by Neef and Sodano (2022), “2022 DINA Regional Update for Europe”[/URL_TEXT][/URL]";[[1980, 2003], [2017, 2021]];
CN;China;sptinc992j;p0p50;share;Pre-tax national income. Share Adults. equal-split adults;Pre-tax national income share held by the p0p50 group. Pre-tax national income  is the sum of all pre-tax personal income flows accruing to the owners of the production factors, labor and capital, before taking into account the operation of the tax/transfer system, but after taking into account the operation of pension system. The central difference between personal factor income and pre-tax income is the treatment of pensions, which are counted on a contribution basis by factor income and on a distribution basis by pre-tax income. The population is comprised of individuals over age 20. The base unit is the individual (rather than the household) but resources are split equally within couples.;Pre-tax national income =Pre-tax labor income [total pre-tax income ranking]+Pre-tax capital income [total pre-tax income ranking];;"[URL][URL_LINK]http://wid.world/document/t-piketty-l-yang-and-g-zucman-capital-accumulation-private-property-and-inequality-in-china-1978-2015-2016/[/URL_LINK][URL_TEXT]Piketty, Thomas; Yang, Li and Zucman, Gabriel (2016). Capital Accumulation, Private Property and Rising Inequality in China, 1978-2015; [/URL_TEXT][/URL][URL][URL_LINK]http://wordpress.wid.world/document/2022-dina-regional-update-for-east-asia-world-inequality-lab-technical-note-2022-04/[/URL_LINK][URL_TEXT]Updated by Sehyun, H., Zhexun, M. (2022), ""2022 Regional DINA Update for Asia""; [/URL_TEXT][/URL]; For long run series (full population), [URL][URL_LINK]http://wordpress.wid.world/document/longrunpaper/[/URL_LINK][URL_TEXT]Chancel, L., Piketty, T. ""Global Income Inequality 1820-2020: The Persistence and Mutation of Extreme Inequality"" (2021)[/URL_TEXT][/URL][URL][URL_LINK]http://wordpress.wid.world/document/historical-inequality-series-on-wid-world-updates-world-inequality-lab-technical-note-2023-01/[/URL_LINK][URL_TEXT] ; Chancel, L., Moshrif, R., Piketty, T., Xuereb, S., (2023),  ""Historical Inequality Series on WID.world - Updates""[/URL_TEXT][/URL]";[[1820, 1978], [2017, 2021]];
HR;Croatia;sptinc992j;p0p50;share;Pre-tax national income. Share Adults. equal-split adults;Pre-tax national income share held by the p0p50 group. Pre-tax national income  is the sum of all pre-tax personal income flows accruing to the owners of the production factors, labor and capital, before taking into account the operation of the tax/transfer system, but after taking into account the operation of pension system. The central difference between personal factor income and pre-tax income is the treatment of pensions, which are counted on a contribution basis by factor income and on a distribution basis by pre-tax income. The population is comprised of individuals over age 20. The base unit is the individual (rather than the household) but resources are split equally within couples.;Pre-tax national income =Pre-tax labor income [total pre-tax income ranking]+Pre-tax capital income [total pre-tax income ranking];Summary of data construction by year (see source for details): 1983: survey + concept correction + tax data, 1984-1985: survey + concept correction + interpolated tax data, 1986-1988: survey + concept correction + tax data, 1989: interpolated survey + concept correction + tax data, 1990: survey + concept correction + interpolated tax data, 1991-1996: interpolated survey + concept correction + interpolated tax data, 1997: interpolated survey + concept correction + tax data, 1998: survey + concept correction + interpolated tax data, 1999-2008: interpolated survey + concept correction + tax data, 2009-2013: survey + tax data, 2014-2019: extrapolated distribution using survey data, 2020-2021: extrapolated distribution;Blanchet, Chancel and Gethin (2020), “Why is Europe less Unequal than the US?” + Updates by Neef and Sodano (2022);[[1980, 1983], [1990, 1997], [2019, 2021]];
CZ;Czech Republic;sptinc992j;p0p50;share;Pre-tax national income. Share Adults. equal-split adults;Pre-tax national income share held by the p0p50 group. Pre-tax national income  is the sum of all pre-tax personal income flows accruing to the owners of the production factors, labor and capital, before taking into account the operation of the tax/transfer system, but after taking into account the operation of pension system. The central difference between personal factor income and pre-tax income is the treatment of pensions, which are counted on a contribution basis by factor income and on a distribution basis by pre-tax income. The population is comprised of individuals over age 20. The base unit is the individual (rather than the household) but resources are split equally within couples.;Pre-tax national income =Pre-tax labor income [total pre-tax income ranking]+Pre-tax capital income [total pre-tax income ranking];Summary of data construction by year (see source for details): 1980: survey + concept correction + tax data, 1981: survey + concept correction + interpolated tax data, 1982-1984: interpolated survey + concept correction + interpolated tax data, 1985: survey + concept correction + tax data, 1986-1987: interpolated survey + concept correction + interpolated tax data, 1988: survey + concept correction + tax data, 1989-1990: survey + concept correction + interpolated tax data, 1991: interpolated survey + concept correction + interpolated tax data, 1992-2003: survey + concept correction + tax data, 2004-2015: survey + tax data, 2016-2019: extrapolated distribution using survey data, 2020-2021: extrapolated distribution;Blanchet, Chancel and Gethin (2020), “Why is Europe less Unequal than the US?” + Updates by Neef and Sodano (2022);[[1980, 2002], [2019, 2021]];[1980, 1985, 1988, 1992, 1996]
DK;Denmark;sptinc992j;p0p50;share;Pre-tax national income. Share Adults. equal-split adults;Pre-tax national income share held by the p0p50 group. Pre-tax national income  is the sum of all pre-tax personal income flows accruing to the owners of the production factors, labor and capital, before taking into account the operation of the tax/transfer system, but after taking into account the operation of pension system. The central difference between personal factor income and pre-tax income is the treatment of pensions, which are counted on a contribution basis by factor income and on a distribution basis by pre-tax income. The population is comprised of individuals over age 20. The base unit is the individual (rather than the household) but resources are split equally within couples.;Pre-tax national income =Pre-tax labor income [total pre-tax income ranking]+Pre-tax capital income [total pre-tax income ranking];Summary of data construction by year (see source for details): 1980: interpolated survey + concept correction + tax data, 1981: survey + concept correction + tax data, 1982-1986: interpolated survey + concept correction + tax data, 1987: survey + concept correction + tax data, 1988-1991: interpolated survey + concept correction + tax data, 1992: survey + concept correction + tax data, 1993-1994: interpolated survey + concept correction + tax data, 1995: survey + concept correction + tax data, 1996: interpolated survey + concept correction + tax data, 1997-2002: survey + concept correction + tax data, 2003-2010: survey + tax data, 2011-2019: extrapolated distribution using survey data, 2020-2021: extrapolated distribution;Blanchet, Chancel and Gethin (2020), “Why is Europe less Unequal than the US?” + Updates by Neef and Sodano (2022);[[2018, 2021]];
EE;Estonia;sptinc992j;p0p50;share;Pre-tax national income. Share Adults. equal-split adults;Pre-tax national income share held by the p0p50 group. Pre-tax national income  is the sum of all pre-tax personal income flows accruing to the owners of the production factors, labor and capital, before taking into account the operation of the tax/transfer system, but after taking into account the operation of pension system. The central difference between personal factor income and pre-tax income is the treatment of pensions, which are counted on a contribution basis by factor income and on a distribution basis by pre-tax income. The population is comprised of individuals over age 20. The base unit is the individual (rather than the household) but resources are split equally within couples.;Pre-tax national income =Pre-tax labor income [total pre-tax income ranking]+Pre-tax capital income [total pre-tax income ranking];Summary of data construction by year (see source for details): 1988: survey + concept correction + tax data, 1989-1991: interpolated survey + concept correction + tax data, 1992-1993: survey + concept correction + tax data, 1994-1995: interpolated survey + concept correction + tax data, 1996-2002: survey + concept correction + tax data, 2003-2019: survey + tax data, 2020: extrapolated distribution + tax data, 2021: extrapolated distribution;Blanchet, Chancel and Gethin (2020), “Why is Europe less Unequal than the US?” + Updates by Neef and Sodano (2022);[[1980, 1992], [1993, 1998], [2019, 2021]];[1988]
FI;Finland;sptinc992j;p0p50;share;Pre-tax national income. Share Adults. equal-split adults;Pre-tax national income share held by the p0p50 group. Pre-tax national income  is the sum of all pre-tax personal income flows accruing to the owners of the production factors, labor and capital, before taking into account the operation of the tax/transfer system, but after taking into account the operation of pension system. The central difference between personal factor income and pre-tax income is the treatment of pensions, which are counted on a contribution basis by factor income and on a distribution basis by pre-tax income. The population is comprised of individuals over age 20. The base unit is the individual (rather than the household) but resources are split equally within couples.;Pre-tax national income =Pre-tax labor income [total pre-tax income ranking]+Pre-tax capital income [total pre-tax income ranking];Summary of data construction by year (see source for details): 1980: interpolated survey + concept correction + tax data, 1981: survey + concept correction + tax data, 1982-1984: interpolated survey + concept correction + tax data, 1985: survey + concept correction + tax data, 1986: interpolated survey + concept correction + tax data, 1987-2002: survey + concept correction + tax data, 2003-2009: survey + tax data, 2010-2019: extrapolated distribution using survey data, 2020-2021: extrapolated distribution;Blanchet, Chancel and Gethin (2020), “Why is Europe less Unequal than the US?” + Updates by Neef and Sodano (2022);[[2018, 2021]];
FR;France;sptinc992j;p0p50;share;Pre-tax national income. Share Adults. equal-split adults;Pre-tax national income share held by the p0p50 group. Pre-tax national income  is the sum of all pre-tax personal income flows accruing to the owners of the production factors, labor and capital, before taking into account the operation of the tax/transfer system, but after taking into account the operation of pension system. The central difference between personal factor income and pre-tax income is the treatment of pensions, which are counted on a contribution basis by factor income and on a distribution basis by pre-tax income. The population is comprised of individuals over age 20. The base unit is the individual (rather than the household) but resources are split equally within couples.;Pre-tax national income =Pre-tax labor income [total pre-tax income ranking]+Pre-tax capital income [total pre-tax income ranking];;"Before 2014, [URL][URL_LINK]http://wid.world/document/b-garbinti-j-goupille-and-t-piketty-inequality-dynamics-in-france-1900-2014-evidence-from-distributional-national-accounts-2016/[/URL_LINK][URL_TEXT]Garbinti, Goupille-Lebret and Piketty (2018), Income inequality in France, 1900-2014: Evidence from Distributional National Accounts (DINA), Journal of Public Economics; [/URL_TEXT][/URL] After 2014, [URL][URL_LINK]https://wid.world/document/predistribution-vs-redistribution-evidence-from-france-and-the-u-s/[/URL_LINK][URL_TEXT]Bozio, A., Garbinti, B., Goupille-Lebret, J., Guillot, M., Piketty, T. “Predistribution vs. Redistribution: Evidence from France and the U.S.”, World Inequality Lab WP 2020/22[/URL_TEXT][/URL]; For long run series (full population), [URL][URL_LINK]http://wordpress.wid.world/document/longrunpaper/[/URL_LINK][URL_TEXT]Chancel, L., Piketty, T. “Global Income Inequality 1820-2020: The Persistence and Mutation of Extreme Inequality” (2021)[/URL_TEXT][/URL]; For long run series (full population), [URL][URL_LINK]http://wordpress.wid.world/document/longrunpaper/[/URL_LINK][URL_TEXT]Chancel, L., Piketty, T. “Global Income Inequality 1820-2020: The Persistence and Mutation of Extreme Inequality” (2021)[/URL_TEXT][/URL][URL][URL_LINK]http://wordpress.wid.world/document/historical-inequality-series-on-wid-world-updates-world-inequality-lab-technical-note-2023-01/[/URL_LINK][URL_TEXT] ; Chancel, L., Moshrif, R., Piketty, T., Xuereb, S., (2023),  ""Historical Inequality Series on WID.world - Updates""[/URL_TEXT][/URL]";[[1820, 1900], [2019, 2021]];
DE;Germany;sptinc992j;p0p50;share;Pre-tax national income. Share Adults. equal-split adults;Pre-tax national income share held by the p0p50 group. Pre-tax national income  is the sum of all pre-tax personal income flows accruing to the owners of the production factors, labor and capital, before taking into account the operation of the tax/transfer system, but after taking into account the operation of pension system. The central difference between personal factor income and pre-tax income is the treatment of pensions, which are counted on a contribution basis by factor income and on a distribution basis by pre-tax income. The population is comprised of individuals over age 20. The base unit is the individual (rather than the household) but resources are split equally within couples.;Pre-tax national income =Pre-tax labor income [total pre-tax income ranking]+Pre-tax capital income [total pre-tax income ranking];Summary of data construction by year (see source for details): 1980: extrapolated distribution + tax data, 1981: survey + concept correction + interpolated tax data, 1982: interpolated survey + concept correction + interpolated tax data, 1983: interpolated survey + concept correction + tax data, 1984-1985: survey + concept correction + interpolated tax data, 1986: survey + concept correction + tax data, 1987-1988: survey + concept correction + interpolated tax data, 1989: survey + concept correction + tax data, 1990-1991: survey + concept correction + interpolated tax data, 1992: survey + concept correction + tax data, 1993-1994: survey + concept correction + interpolated tax data, 1995: survey + concept correction + tax data, 1996-1997: survey + concept correction + interpolated tax data, 1998: survey + concept correction + tax data, 1999-2000: survey + concept correction + interpolated tax data, 2001-2003: survey + concept correction + tax data, 2004-2013: survey + tax data, 2014-2019: extrapolated distribution using survey data, 2020-2021: extrapolated distribution;"Blanchet, Chancel and Gethin (2020), “Why is Europe less Unequal than the US?” + Updates by Neef and Sodano (2022)[URL][URL_LINK]http://wordpress.wid.world/document/historical-inequality-series-on-wid-world-updates-world-inequality-lab-technical-note-2023-01/[/URL_LINK][URL_TEXT] ; Chancel, L., Moshrif, R., Piketty, T., Xuereb, S., (2023),  ""Historical Inequality Series on WID.world - Updates""[/URL_TEXT][/URL]";[[1820, 1980], [2018, 2021]];
HU;Hungary;sptinc992j;p0p50;share;Pre-tax national income. Share Adults. equal-split adults;Pre-tax national income share held by the p0p50 group. Pre-tax national income  is the sum of all pre-tax personal income flows accruing to the owners of the production factors, labor and capital, before taking into account the operation of the tax/transfer system, but after taking into account the operation of pension system. The central difference between personal factor income and pre-tax income is the treatment of pensions, which are counted on a contribution basis by factor income and on a distribution basis by pre-tax income. The population is comprised of individuals over age 20. The base unit is the individual (rather than the household) but resources are split equally within couples.;Pre-tax national income =Pre-tax labor income [total pre-tax income ranking]+Pre-tax capital income [total pre-tax income ranking];Summary of data construction by year (see source for details): 1980: interpolated survey + concept correction + tax data, 1981: interpolated survey + concept correction + interpolated tax data, 1982: survey + concept correction + tax data, 1983: interpolated survey + concept correction + interpolated tax data, 1984: interpolated survey + concept correction + tax data, 1985: interpolated survey + concept correction + interpolated tax data, 1986: interpolated survey + concept correction + tax data, 1987: survey + concept correction + interpolated tax data, 1988: interpolated survey + concept correction + tax data, 1989-1990: interpolated survey + concept correction + interpolated tax data, 1991: survey + concept correction + interpolated tax data, 1992-1993: interpolated survey + concept correction + tax data, 1994: survey + concept correction + tax data, 1995-1998: interpolated survey + concept correction + tax data, 1999: survey + concept correction + tax data, 2000-2004: interpolated survey + concept correction + tax data, 2005: survey + concept correction + tax data, 2006: interpolated survey + concept correction + tax data, 2007-2008: survey + tax data, 2009-2019: extrapolated distribution using survey data, 2020-2021: extrapolated distribution;Blanchet, Chancel and Gethin (2020), “Why is Europe less Unequal than the US?” + Updates by Neef and Sodano (2022);[[2019, 2021]];
IS;Iceland;sptinc992j;p0p50;share;Pre-tax national income. Share Adults. equal-split adults;Pre-tax national income share held by the p0p50 group. Pre-tax national income  is the sum of all pre-tax personal income flows accruing to the owners of the production factors, labor and capital, before taking into account the operation of the tax/transfer system, but after taking into account the operation of pension system. The central difference between personal factor income and pre-tax income is the treatment of pensions, which are counted on a contribution basis by factor income and on a distribution basis by pre-tax income. The population is comprised of individuals over age 20. The base unit is the individual (rather than the household) but resources are split equally within couples.;Pre-tax national income =Pre-tax labor income [total pre-tax income ranking]+Pre-tax capital income [total pre-tax income ranking];Summary of data construction by year (see source for details): 1990-2002: extrapolated distribution survey + tax data, 2003-2017: survey + tax data, 2018-2021: extrapolated distribution survey + tax data;Blanchet, Chancel and Gethin (2020), “Why is Europe less Unequal than the US?” + Updates by Neef and Sodano (2022);[[2017, 2021]];
IN;India;sptinc992j;p0p50;share;Pre-tax national income. Share Adults. equal-split adults;Pre-tax national income share held by the p0p50 group. Pre-tax national income  is the sum of all pre-tax personal income flows accruing to the owners of the production factors, labor and capital, before taking into account the operation of the tax/transfer system, but after taking into account the operation of pension system. The central difference between personal factor income and pre-tax income is the treatment of pensions, which are counted on a contribution basis by factor income and on a distribution basis by pre-tax income. The population is comprised of individuals over age 20. The base unit is the individual (rather than the household) but resources are split equally within couples.;Pre-tax national income =Pre-tax labor income [total pre-tax income ranking]+Pre-tax capital income [total pre-tax income ranking];"1922-1950: tax data from Indian Tax Department; 1950-2014: Tax data from Indian Tax Department and Survey data from NSS0, using IHDS to convert survey consumption into survey income (see Chancel Piketty 2019 for details). After 2014, values are extrapolated assuming inequality neutral growth rates. The World Inequality Lab is currently updating 2015-2021 estimates using newly released tax data. This information will be uploaded online shortly.";"[URL][URL_LINK]http://wid.world/document/chancelpiketty2017widworld/[/URL_LINK][URL_TEXT]Chancel, Lucas; Piketty, Thomas (2017).Indian Income inequality, 1922-2015: From British Raj to Billionaire Raj?; [/URL_TEXT][/URL][URL][URL_LINK]http://wordpress.wid.world/document/indian-inequality-updates-2015-2019-world-inequality-lab-technical-note-2020-09/[/URL_LINK][URL_TEXT] Updated by Chancel (2020), “Regional DINA update for India”; [/URL_TEXT][/URL][URL][URL_LINK]http://wordpress.wid.world/document/2021-dina-regional-update-for-asia-world-inequality-lab-technical-note-2021-6/[/URL_LINK][URL_TEXT] Updated by Bajard, F. and Moshrif, R. (2021), “2021 Regional DINA Update for Asia”[/URL_TEXT][/URL]; For long run series (full population), [URL][URL_LINK]http://wordpress.wid.world/document/longrunpaper/[/URL_LINK][URL_TEXT]Chancel, L., Piketty, T. “Global Income Inequality 1820-2020: The Persistence and Mutation of Extreme Inequality” (2021)[/URL_TEXT][/URL]";[[1998, 2011], [2014, 2021]];[2005]
IL;Israel;sptinc992j;p0p50;share;Pre-tax national income. Share Adults. equal-split adults;Pre-tax national income share held by the p0p50 group. Pre-tax national income  is the sum of all pre-tax personal income flows accruing to the owners of the production factors, labor and capital, before taking into account the operation of the tax/transfer system, but after taking into account the operation of pension system. The central difference between personal factor income and pre-tax income is the treatment of pensions, which are counted on a contribution basis by factor income and on a distribution basis by pre-tax income. The population is comprised of individuals over age 20. The base unit is the individual (rather than the household) but resources are split equally within couples.;Pre-tax national income =Pre-tax labor income [total pre-tax income ranking]+Pre-tax capital income [total pre-tax income ranking];;"[URL][URL_LINK]http://wordpress.wid.world/document/2022-dina-regional-update-for-the-middle-east-world-inequality-lab-technical-note-2022-05/[/URL_LINK][URL_TEXT]Updated by El-hariri and Moshrif, ""2022 Regional DINA update for the Middle East""; [/URL_TEXT][/URL]";[[1979, 2005], [2016, 2021]];[1979, 1986, 1992, 1997, 2001, 2016]
JP;Japan;sptinc992j;p0p50;share;Pre-tax national income. Share Adults. equal-split adults;Pre-tax national income share held by the p0p50 group. Pre-tax national income  is the sum of all pre-tax personal income flows accruing to the owners of the production factors, labor and capital, before taking into account the operation of the tax/transfer system, but after taking into account the operation of pension system. The central difference between personal factor income and pre-tax income is the treatment of pensions, which are counted on a contribution basis by factor income and on a distribution basis by pre-tax income. The population is comprised of individuals over age 20. The base unit is the individual (rather than the household) but resources are split equally within couples.;Pre-tax national income =Pre-tax labor income [total pre-tax income ranking]+Pre-tax capital income [total pre-tax income ranking];;"[URL][URL_LINK]https://wid.world/document/dina-update-for-asia-world-inequality-lab-technical-note-2020-08/[/URL_LINK][URL_TEXT]Updated by Jenmana, Moshrif and Yang (2020), ""Regional DINA Update for Asia""; [/URL_TEXT][/URL][URL][URL_LINK]http://wordpress.wid.world/document/2021-dina-regional-update-for-asia-world-inequality-lab-technical-note-2021-6/[/URL_LINK][URL_TEXT]Updated by Bajard, F. and Moshrif, R. (2021), ""2021 Regional DINA Update for Asia""[/URL_TEXT][/URL]; For long run series (full population), [URL][URL_LINK]http://wordpress.wid.world/document/longrunpaper/[/URL_LINK][URL_TEXT]Chancel, L., Piketty, T. ""Global Income Inequality 1820-2020: The Persistence and Mutation of Extreme Inequality"" (2021)[/URL_TEXT][/URL][URL][URL_LINK]http://wordpress.wid.world/document/historical-inequality-series-on-wid-world-updates-world-inequality-lab-technical-note-2023-01/[/URL_LINK][URL_TEXT] ; Chancel, L., Moshrif, R., Piketty, T., Xuereb, S., (2023),  ""Historical Inequality Series on WID.world - Updates""[/URL_TEXT][/URL]";[[1820, 1980]];
LT;Lithuania;sptinc992j;p0p50;share;Pre-tax national income. Share Adults. equal-split adults;Pre-tax national income share held by the p0p50 group. Pre-tax national income  is the sum of all pre-tax personal income flows accruing to the owners of the production factors, labor and capital, before taking into account the operation of the tax/transfer system, but after taking into account the operation of pension system. The central difference between personal factor income and pre-tax income is the treatment of pensions, which are counted on a contribution basis by factor income and on a distribution basis by pre-tax income. The population is comprised of individuals over age 20. The base unit is the individual (rather than the household) but resources are split equally within couples.;Pre-tax national income =Pre-tax labor income [total pre-tax income ranking]+Pre-tax capital income [total pre-tax income ranking];Summary of data construction by year (see source for details): 1988: survey + concept correction + imputed nonresponse, 1989-1992: interpolated survey + concept correction + imputed nonresponse, 1993-1994: survey + concept correction + imputed nonresponse, 1995: interpolated survey + concept correction + imputed nonresponse, 1996-2003: survey + concept correction + imputed nonresponse, 2004-2019: survey + imputed nonresponse, 2020: extrapolated distribution + imputed nonresponse, 2021: extrapolated distribution;"Blanchet, Chancel and Gethin (2020), “Why is Europe less Unequal than the US?” + Updates by Neef and Sodano (2022); Before 1988, [URL][URL_LINK]http://wordpress.wid.world/document/countries-with-regional-income-imputations-on-wid-world-world-inequality-lab-technical-note-2021-15/[/URL_LINK][URL_TEXT]Chancel and Piketty (2021). “Countries with Regional Income Imputations on WID.world”[/URL_TEXT][/URL]Blanchet, Chancel and Gethin (2020), “Why is Europe less Unequal than the US?” + Updates by Neef and Sodano (2022)";[[1980, 1993], [2018, 2021]];[1988]
MX;Mexico;sptinc992j;p0p50;share;Pre-tax national income. Share Adults. equal-split adults;Pre-tax national income share held by the p0p50 group. Pre-tax national income  is the sum of all pre-tax personal income flows accruing to the owners of the production factors, labor and capital, before taking into account the operation of the tax/transfer system, but after taking into account the operation of pension system. The central difference between personal factor income and pre-tax income is the treatment of pensions, which are counted on a contribution basis by factor income and on a distribution basis by pre-tax income. The population is comprised of individuals over age 20. The base unit is the individual (rather than the household) but resources are split equally within couples.;Pre-tax national income =Pre-tax labor income [total pre-tax income ranking]+Pre-tax capital income [total pre-tax income ranking];;"After 2002, [URL][URL_LINK]http://wordpress.wid.world/document/more-unequal-or-not-as-rich-revisiting-the-latin-american-exception-world-inequality-lab-working-paper-2022-13/[/URL_LINK][URL_TEXT]Mauricio De Rosa, Ignacio Flores and Marc Morgan (2022), More Unequal or Not as Rich? Revisiting the Latin American Exception; [/URL_TEXT][/URL]; Before 2002, [URL][URL_LINK]http://wordpress.wid.world/document/countries-with-regional-income-imputations-on-wid-world-world-inequality-lab-technical-note-2021-15/[/URL_LINK][URL_TEXT]Chancel and Piketty (2021), ""Countries with Regional Income Imputations on WID.world""[/URL_TEXT][/URL][URL][URL_LINK]http://wordpress.wid.world/document/historical-inequality-series-on-wid-world-updates-world-inequality-lab-technical-note-2023-01/[/URL_LINK][URL_TEXT] ; Chancel, L., Moshrif, R., Piketty, T., Xuereb, S., (2023),  ""Historical Inequality Series on WID.world - Updates""[/URL_TEXT][/URL]";[[1820, 2000], [2020, 2021]];
NZ;New Zealand;sptinc992j;p0p50;share;Pre-tax national income. Share Adults. equal-split adults;Pre-tax national income share held by the p0p50 group. Pre-tax national income  is the sum of all pre-tax personal income flows accruing to the owners of the production factors, labor and capital, before taking into account the operation of the tax/transfer system, but after taking into account the operation of pension system. The central difference between personal factor income and pre-tax income is the treatment of pensions, which are counted on a contribution basis by factor income and on a distribution basis by pre-tax income. The population is comprised of individuals over age 20. The base unit is the individual (rather than the household) but resources are split equally within couples.;Pre-tax national income =Pre-tax labor income [total pre-tax income ranking]+Pre-tax capital income [total pre-tax income ranking];;"[URL][URL_LINK]http://wordpress.wid.world/document/2021-dina-regional-update-for-australia-canada-and-new-zealand-world-inequality-lab-technical-note-2021-19/[/URL_LINK][URL_TEXT]Fisher-Post, M. (2021), “Simplified DINA for Australia, Canada and New Zealand”[/URL_TEXT][/URL]; For long run series (full population), [URL][URL_LINK]http://wordpress.wid.world/document/longrunpaper/[/URL_LINK][URL_TEXT]Chancel, L., Piketty, T. “Global Income Inequality 1820-2020: The Persistence and Mutation of Extreme Inequality” (2021)[/URL_TEXT][/URL][URL][URL_LINK]http://wordpress.wid.world/document/historical-inequality-series-on-wid-world-updates-world-inequality-lab-technical-note-2023-01/[/URL_LINK][URL_TEXT] ; Chancel, L., Moshrif, R., Piketty, T., Xuereb, S., (2023),  ""Historical Inequality Series on WID.world - Updates""[/URL_TEXT][/URL]";[[1820, 1920], [2019, 2021]];
PH;Philippines;sptinc992j;p0p50;share;Pre-tax national income. Share Adults. equal-split adults;Pre-tax national income share held by the p0p50 group. Pre-tax national income  is the sum of all pre-tax personal income flows accruing to the owners of the production factors, labor and capital, before taking into account the operation of the tax/transfer system, but after taking into account the operation of pension system. The central difference between personal factor income and pre-tax income is the treatment of pensions, which are counted on a contribution basis by factor income and on a distribution basis by pre-tax income. The population is comprised of individuals over age 20. The base unit is the individual (rather than the household) but resources are split equally within couples.;Pre-tax national income =Pre-tax labor income [total pre-tax income ranking]+Pre-tax capital income [total pre-tax income ranking];;"[URL][URL_LINK]https://wid.world/document/dina-update-for-asia-world-inequality-lab-technical-note-2020-08/[/URL_LINK][URL_TEXT]Updated by Jenmana, Moshrif and Yang (2020), ""Regional DINA Update for Asia""; [/URL_TEXT][/URL][URL][URL_LINK]http://wordpress.wid.world/document/2021-dina-regional-update-for-asia-world-inequality-lab-technical-note-2021-6/[/URL_LINK][URL_TEXT]Updated by Bajard, F. and Moshrif, R. (2021), ""2021 Regional DINA Update for Asia""[/URL_TEXT][/URL]";[[1980, 2021]];[1985, 1988, 1991, 1994, 1997, 2000, 2003, 2006, 2009, 2012, 2015, 2018]
RU;Russian Federation;sptinc992j;p0p50;share;Pre-tax national income. Share Adults. equal-split adults;Pre-tax national income share held by the p0p50 group. Pre-tax national income  is the sum of all pre-tax personal income flows accruing to the owners of the production factors, labor and capital, before taking into account the operation of the tax/transfer system, but after taking into account the operation of pension system. The central difference between personal factor income and pre-tax income is the treatment of pensions, which are counted on a contribution basis by factor income and on a distribution basis by pre-tax income. The population is comprised of individuals over age 20. The base unit is the individual (rather than the household) but resources are split equally within couples.;Pre-tax national income =Pre-tax labor income [total pre-tax income ranking]+Pre-tax capital income [total pre-tax income ranking];;"[URL][URL_LINK]http://wid.world/document/soviets-oligarchs-inequality-property-russia-1905-2016-wid-world-working-paper-20179/[/URL_LINK][URL_TEXT]Novokmet, F., Piketty, T. and Zucman, G. (2017), “From Soviets to Oligarchs: Inequality and Property in Russia 1905-2016”; [/URL_TEXT][/URL][URL][URL_LINK]http://wordpress.wid.world/document/2022-dina-regional-update-for-russia-world-inequality-lab-technical-note-2022-03/[/URL_LINK][URL_TEXT]Updated by Neef (2022), “Regional DINA update for Russia”; [/URL_TEXT][/URL]; For long run series (full population), [URL][URL_LINK]http://wordpress.wid.world/document/longrunpaper/[/URL_LINK][URL_TEXT]Chancel, L., Piketty, T. “Global Income Inequality 1820-2020: The Persistence and Mutation of Extreme Inequality” (2021)[/URL_TEXT][/URL][URL][URL_LINK]http://wordpress.wid.world/document/historical-inequality-series-on-wid-world-updates-world-inequality-lab-technical-note-2023-01/[/URL_LINK][URL_TEXT] ; Chancel, L., Moshrif, R., Piketty, T., Xuereb, S., (2023),  ""Historical Inequality Series on WID.world - Updates""[/URL_TEXT][/URL]";[[1820, 1905], [2018, 2021]];[1905, 1928, 1934, 1956, 1959, 1961, 1964, 1966, 1968, 1972, 1976, 1980, 1985]
SK;Slovakia;sptinc992j;p0p50;share;Pre-tax national income. Share Adults. equal-split adults;Pre-tax national income share held by the p0p50 group. Pre-tax national income  is the sum of all pre-tax personal income flows accruing to the owners of the production factors, labor and capital, before taking into account the operation of the tax/transfer system, but after taking into account the operation of pension system. The central difference between personal factor income and pre-tax income is the treatment of pensions, which are counted on a contribution basis by factor income and on a distribution basis by pre-tax income. The population is comprised of individuals over age 20. The base unit is the individual (rather than the household) but resources are split equally within couples.;Pre-tax national income =Pre-tax labor income [total pre-tax income ranking]+Pre-tax capital income [total pre-tax income ranking];Summary of data construction by year (see source for details): 1980-1981: survey + concept correction + imputed nonresponse, 1982-1984: interpolated survey + concept correction + imputed nonresponse, 1985: survey + concept correction + imputed nonresponse, 1986-1987: interpolated survey + concept correction + imputed nonresponse, 1988: survey + concept correction + imputed nonresponse, 1989-1990: interpolated survey + concept correction + imputed nonresponse, 1991-1993: survey + concept correction + imputed nonresponse, 1994-1995: interpolated survey + concept correction + imputed nonresponse, 1996-2003: survey + concept correction + imputed nonresponse, 2004: survey + imputed nonresponse, 2005-2006: interpolated survey + imputed nonresponse, 2007-2019: survey + imputed nonresponse, 2020: extrapolated distribution + imputed nonresponse, 2021: extrapolated distribution;Blanchet, Chancel and Gethin (2020), “Why is Europe less Unequal than the US?” + Updates by Neef and Sodano (2022);[[1980, 1991], [1992, 1996], [2019, 2021]];[1980, 1985, 1988]
SI;Slovenia;sptinc992j;p0p50;share;Pre-tax national income. Share Adults. equal-split adults;Pre-tax national income share held by the p0p50 group. Pre-tax national income  is the sum of all pre-tax personal income flows accruing to the owners of the production factors, labor and capital, before taking into account the operation of the tax/transfer system, but after taking into account the operation of pension system. The central difference between personal factor income and pre-tax income is the treatment of pensions, which are counted on a contribution basis by factor income and on a distribution basis by pre-tax income. The population is comprised of individuals over age 20. The base unit is the individual (rather than the household) but resources are split equally within couples.;Pre-tax national income =Pre-tax labor income [total pre-tax income ranking]+Pre-tax capital income [total pre-tax income ranking];Summary of data construction by year (see source for details): 1991-1992: interpolated survey + concept correction + tax data, 1993-2001: survey + concept correction + tax data, 2002-2003: interpolated survey + concept correction + tax data, 2004-2012: survey + tax data, 2013-2019: extrapolated distribution using survey data, 2020-2021: extrapolated distribution;Blanchet, Chancel and Gethin (2020), “Why is Europe less Unequal than the US?” + Updates by Neef and Sodano (2022);[[1980, 1991], [2019, 2021]];
ZA;South Africa;sptinc992j;p0p50;share;Pre-tax national income. Share Adults. equal-split adults;Pre-tax national income share held by the p0p50 group. Pre-tax national income  is the sum of all pre-tax personal income flows accruing to the owners of the production factors, labor and capital, before taking into account the operation of the tax/transfer system, but after taking into account the operation of pension system. The central difference between personal factor income and pre-tax income is the treatment of pensions, which are counted on a contribution basis by factor income and on a distribution basis by pre-tax income. The population is comprised of individuals over age 20. The base unit is the individual (rather than the household) but resources are split equally within couples.;Pre-tax national income =Pre-tax labor income [total pre-tax income ranking]+Pre-tax capital income [total pre-tax income ranking];Fiscal income rescaled to match the macroeconomic aggregates.;"[URL][URL_LINK]https://wid.world/document/alvaredo-facundo-and-atkinson-anthony-b-2011-colonial-rule-apartheid-and-natural-resources-top-incomes-in-south-africa-1903-2007-cepr-discussion-paper-8155/[/URL_LINK][URL_TEXT]Alvaredo, Facundo and Atkinson, Anthony B. (2011). Colonial Rule, Apartheid and Natural Resources: Top Incomes in South Africa 1903-2007. CEPR Discussion Paper 8155. Series updated by the same authors.[/URL_TEXT][/URL]After 1993, [URL][URL_LINK]http://wid.world/document/cgm2019-full-paper/[/URL_LINK][URL_TEXT]Chancel, Cogneau, Gethin & Myczkowski (2019), How large are African Inequalities? Towards Distributional National Accounts in Africa (1990-2017); [/URL_TEXT][/URL][URL][URL_LINK]http://wordpress.wid.world/document/2022-dina-regional-update-for-africa-world-inequality-lab-technical-note-2022-06/[/URL_LINK][URL_TEXT]Updated by Robilliard (2022), “2022 DINA Regional Update for Africa”[/URL_TEXT][/URL]; For long run series (full population), [URL][URL_LINK]http://wordpress.wid.world/document/longrunpaper/[/URL_LINK][URL_TEXT]Chancel, L., Piketty, T. “Global Income Inequality 1820-2020: The Persistence and Mutation of Extreme Inequality” (2021)[/URL_TEXT][/URL][URL][URL_LINK]http://wordpress.wid.world/document/historical-inequality-series-on-wid-world-updates-world-inequality-lab-technical-note-2023-01/[/URL_LINK][URL_TEXT] ; Chancel, L., Moshrif, R., Piketty, T., Xuereb, S., (2023),  ""Historical Inequality Series on WID.world - Updates""[/URL_TEXT][/URL]";[[1820, 1980], [2012, 2021]];[1993, 1996, 2000, 2005, 2008, 2010, 2014]
ES;Spain;sptinc992j;p0p50;share;Pre-tax national income. Share Adults. equal-split adults;Pre-tax national income share held by the p0p50 group. Pre-tax national income  is the sum of all pre-tax personal income flows accruing to the owners of the production factors, labor and capital, before taking into account the operation of the tax/transfer system, but after taking into account the operation of pension system. The central difference between personal factor income and pre-tax income is the treatment of pensions, which are counted on a contribution basis by factor income and on a distribution basis by pre-tax income. The population is comprised of individuals over age 20. The base unit is the individual (rather than the household) but resources are split equally within couples.;Pre-tax national income =Pre-tax labor income [total pre-tax income ranking]+Pre-tax capital income [total pre-tax income ranking];Summary of data construction by year (see source for details): 1981-1984: interpolated survey + concept correction + tax data, 1985: survey + concept correction + tax data, 1986-1989: interpolated survey + concept correction + tax data, 1990: survey + concept correction + tax data, 1991-1994: interpolated survey + concept correction + tax data, 1995: survey + concept correction + tax data, 1996-1999: interpolated survey + concept correction + tax data, 2000: survey + concept correction + tax data, 2001-2003: interpolated survey + concept correction + tax data, 2004: survey + concept correction + tax data, 2005: interpolated survey + concept correction + tax data, 2006-2008: survey + concept correction + tax data, 2009-2012: survey + tax data, 2013-2019: extrapolated distribution using survey data, 2020-2021: extrapolated distribution;"Blanchet, Chancel and Gethin (2020), “Why is Europe less Unequal than the US?” + Updates by Neef and Sodano (2022); For long run series (full population), [URL][URL_LINK]http://wordpress.wid.world/document/longrunpaper/[/URL_LINK][URL_TEXT]Chancel, L., Piketty, T. “Global Income Inequality 1820-2020: The Persistence and Mutation of Extreme Inequality” (2021)[/URL_TEXT][/URL][URL][URL_LINK]http://wordpress.wid.world/document/historical-inequality-series-on-wid-world-updates-world-inequality-lab-technical-note-2023-01/[/URL_LINK][URL_TEXT] ; Chancel, L., Moshrif, R., Piketty, T., Xuereb, S., (2023),  ""Historical Inequality Series on WID.world - Updates""[/URL_TEXT][/URL]";[[1820, 1980], [2018, 2021]];
SR;Suriname;sptinc992j;p0p50;share;Pre-tax national income. Share Adults. equal-split adults;Pre-tax national income share held by the p0p50 group. Pre-tax national income  is the sum of all pre-tax personal income flows accruing to the owners of the production factors, labor and capital, before taking into account the operation of the tax/transfer system, but after taking into account the operation of pension system. The central difference between personal factor income and pre-tax income is the treatment of pensions, which are counted on a contribution basis by factor income and on a distribution basis by pre-tax income. The population is comprised of individuals over age 20. The base unit is the individual (rather than the household) but resources are split equally within couples.;Pre-tax national income =Pre-tax labor income [total pre-tax income ranking]+Pre-tax capital income [total pre-tax income ranking];;"[URL][URL_LINK]http://wordpress.wid.world/document/countries-with-regional-income-imputations-on-wid-world-world-inequality-lab-technical-note-2021-15/[/URL_LINK][URL_TEXT]Chancel and Piketty (2021), ""Countries with Regional Income Imputations on WID.world""[/URL_TEXT][/URL]";[[1980, 2021]];
SE;Sweden;sptinc992j;p0p50;share;Pre-tax national income. Share Adults. equal-split adults;Pre-tax national income share held by the p0p50 group. Pre-tax national income  is the sum of all pre-tax personal income flows accruing to the owners of the production factors, labor and capital, before taking into account the operation of the tax/transfer system, but after taking into account the operation of pension system. The central difference between personal factor income and pre-tax income is the treatment of pensions, which are counted on a contribution basis by factor income and on a distribution basis by pre-tax income. The population is comprised of individuals over age 20. The base unit is the individual (rather than the household) but resources are split equally within couples.;Pre-tax national income =Pre-tax labor income [total pre-tax income ranking]+Pre-tax capital income [total pre-tax income ranking];Summary of data construction by year (see source for details): 1980: interpolated survey + concept correction + tax data, 1981: survey + concept correction + tax data, 1982-1986: interpolated survey + concept correction + tax data, 1987: survey + concept correction + tax data, 1988-1991: interpolated survey + concept correction + tax data, 1992: survey + concept correction + tax data, 1993-1994: interpolated survey + concept correction + tax data, 1995: survey + concept correction + tax data, 1996-1999: interpolated survey + concept correction + tax data, 2000: survey + concept correction + tax data, 2001-2002: interpolated survey + concept correction + tax data, 2003-2013: survey + tax data, 2014-2019: extrapolated distribution using survey data, 2020-2021: extrapolated distribution;"Blanchet, Chancel and Gethin (2020), “Why is Europe less Unequal than the US?” + Updates by Neef and Sodano (2022); For long run series (full population), [URL][URL_LINK]http://wordpress.wid.world/document/longrunpaper/[/URL_LINK][URL_TEXT]Chancel, L., Piketty, T. “Global Income Inequality 1820-2020: The Persistence and Mutation of Extreme Inequality” (2021)[/URL_TEXT][/URL][URL][URL_LINK]http://wordpress.wid.world/document/historical-inequality-series-on-wid-world-updates-world-inequality-lab-technical-note-2023-01/[/URL_LINK][URL_TEXT] ; Chancel, L., Moshrif, R., Piketty, T., Xuereb, S., (2023),  ""Historical Inequality Series on WID.world - Updates""[/URL_TEXT][/URL]";[[1820, 1934], [2018, 2021]];
CH;Switzerland;sptinc992j;p0p50;share;Pre-tax national income. Share Adults. equal-split adults;Pre-tax national income share held by the p0p50 group. Pre-tax national income  is the sum of all pre-tax personal income flows accruing to the owners of the production factors, labor and capital, before taking into account the operation of the tax/transfer system, but after taking into account the operation of pension system. The central difference between personal factor income and pre-tax income is the treatment of pensions, which are counted on a contribution basis by factor income and on a distribution basis by pre-tax income. The population is comprised of individuals over age 20. The base unit is the individual (rather than the household) but resources are split equally within couples.;Pre-tax national income =Pre-tax labor income [total pre-tax income ranking]+Pre-tax capital income [total pre-tax income ranking];Summary of data construction by year (see source for details): 1981: extrapolated distribution + tax data, 1982: survey + concept correction + interpolated tax data, 1983: interpolated survey + concept correction + tax data, 1984: interpolated survey + concept correction + interpolated tax data, 1985: interpolated survey + concept correction + tax data, 1986: interpolated survey + concept correction + interpolated tax data, 1987: interpolated survey + concept correction + tax data, 1988: interpolated survey + concept correction + interpolated tax data, 1989: interpolated survey + concept correction + tax data, 1990: interpolated survey + concept correction + interpolated tax data, 1991: interpolated survey + concept correction + tax data, 1992: survey + concept correction + interpolated tax data, 1993: interpolated survey + concept correction + tax data, 1994: interpolated survey + concept correction + interpolated tax data, 1995-1999: interpolated survey + concept correction + tax data, 2000: survey + concept correction + tax data, 2001: interpolated survey + concept correction + tax data, 2002: survey + concept correction + tax data, 2003: interpolated survey + concept correction + tax data, 2004: survey + concept correction + tax data, 2005: interpolated survey + concept correction + tax data, 2006-2014: survey + tax data, 2015-2019: extrapolated distribution using survey data, 2020-2021: extrapolated distribution;Before 1980,  [URL][URL_LINK]https://wid.world/document/dell-fabien-piketty-thomas-and-saez-emmanuel-2007-income-and-wealth-concentration-in-switzerland-over-the-twentieth-century-in-atkinson-a-b-and-piketty-t-editors-top-incomes-over-t/[/URL_LINK][URL_TEXT] Dell, F., Piketty, T., Saez, E., Income and Wealth Concentration in Switzerland over the Twentieth Century, Top Incomes over the Twentieth Century. A Contrast Between Continental European and English-Speaking Countries, OUP, 2007[/URL_TEXT][/URL]After 1980, [URL][URL_LINK]https://wid.world/document/why-is-europe-more-equal-than-the-united-states-world-inequality-lab-wp-2020-19/[/URL_LINK][URL_TEXT]Blanchet, Chancel and Gethin (2020), “Why is Europe less Unequal than the US?”[/URL_TEXT][/URL][URL][URL_LINK]http://wordpress.wid.world/document/2022-dina-regional-update-for-europe-world-inequality-lab-technical-note-2022-02/[/URL_LINK][URL_TEXT] Updated by Neef and Sodano (2022), “2022 DINA Regional Update for Europe”[/URL_TEXT][/URL];[[2018, 2021]];
TW;Taiwan;sptinc992j;p0p50;share;Pre-tax national income. Share Adults. equal-split adults;Pre-tax national income share held by the p0p50 group. Pre-tax national income  is the sum of all pre-tax personal income flows accruing to the owners of the production factors, labor and capital, before taking into account the operation of the tax/transfer system, but after taking into account the operation of pension system. The central difference between personal factor income and pre-tax income is the treatment of pensions, which are counted on a contribution basis by factor income and on a distribution basis by pre-tax income. The population is comprised of individuals over age 20. The base unit is the individual (rather than the household) but resources are split equally within couples.;Pre-tax national income =Pre-tax labor income [total pre-tax income ranking]+Pre-tax capital income [total pre-tax income ranking];;"[URL][URL_LINK]http://wordpress.wid.world/document/distributional-national-accounts-for-taiwan-1981-2017-world-inequality-lab-working-paper-2022-15/[/URL_LINK][URL_TEXT]Cyrus, C., Chien-Yu, C., Ming-Jen, L., Hsuan-Li, S. (2022). Distributional National Accounts for Taiwan, 1991-2017, World Inequality Lab Working Paper 2022/15;[/URL_TEXT][/URL]";[[2018, 2021]];
TH;Thailand;sptinc992j;p0p50;share;Pre-tax national income. Share Adults. equal-split adults;Pre-tax national income share held by the p0p50 group. Pre-tax national income  is the sum of all pre-tax personal income flows accruing to the owners of the production factors, labor and capital, before taking into account the operation of the tax/transfer system, but after taking into account the operation of pension system. The central difference between personal factor income and pre-tax income is the treatment of pensions, which are counted on a contribution basis by factor income and on a distribution basis by pre-tax income. The population is comprised of individuals over age 20. The base unit is the individual (rather than the household) but resources are split equally within couples.;Pre-tax national income =Pre-tax labor income [total pre-tax income ranking]+Pre-tax capital income [total pre-tax income ranking];;"[URL][URL_LINK]http://wid.world/document/democratisation-and-the-emergence-of-class-conflicts-income-inequality-in-thailand-2001-2016-wid-world-working-paper-2018-15/[/URL_LINK][URL_TEXT]Thanasak, J. (2018), Democratisation and the Emergence of Class Conflicts: Income Inequality in Thailand, 2001-2016; [/URL_TEXT][/URL][URL][URL_LINK]http://wordpress.wid.world/document/2021-dina-regional-update-for-asia-world-inequality-lab-technical-note-2021-6/[/URL_LINK][URL_TEXT]Updated by Bajard, F. and Moshrif, R. (2021), ""2021 Regional DINA Update for Asia""[/URL_TEXT][/URL]";[[1980, 1988], [2020, 2021]];[1981]
TR;Turkey;sptinc992j;p0p50;share;Pre-tax national income. Share Adults. equal-split adults;Pre-tax national income share held by the p0p50 group. Pre-tax national income  is the sum of all pre-tax personal income flows accruing to the owners of the production factors, labor and capital, before taking into account the operation of the tax/transfer system, but after taking into account the operation of pension system. The central difference between personal factor income and pre-tax income is the treatment of pensions, which are counted on a contribution basis by factor income and on a distribution basis by pre-tax income. The population is comprised of individuals over age 20. The base unit is the individual (rather than the household) but resources are split equally within couples.;Pre-tax national income =Pre-tax labor income [total pre-tax income ranking]+Pre-tax capital income [total pre-tax income ranking];;"[URL][URL_LINK]http://wid.world/document/alvaredoassouadpiketty-middleeast-widworldwp201715/[/URL_LINK][URL_TEXT]Facundo Alvaredo, Lydia Assouad and Thomas Piketty (2017). Measuring Inequality in the Middle East, 1990-2016: The World’s Most Unequal Region? WID.world Working Paper 2017/15; [/URL_TEXT][/URL][URL][URL_LINK]http://wid.world/document/2022-dina-regional-update-for-the-middle-east-world-inequality-lab-technical-note-2022-05/[/URL_LINK][URL_TEXT]Updated by El-hariri and Moshrif, “2022 Regional DINA update for the Middle East”; [/URL_TEXT][/URL]; For long run series (full population), [URL][URL_LINK]http://wordpress.wid.world/document/longrunpaper/[/URL_LINK][URL_TEXT]Chancel, L., Piketty, T. “Global Income Inequality 1820-2020: The Persistence and Mutation of Extreme Inequality” (2021)[/URL_TEXT][/URL][URL][URL_LINK]http://wordpress.wid.world/document/historical-inequality-series-on-wid-world-updates-world-inequality-lab-technical-note-2023-01/[/URL_LINK][URL_TEXT] ; Chancel, L., Moshrif, R., Piketty, T., Xuereb, S., (2023),  ""Historical Inequality Series on WID.world - Updates""[/URL_TEXT][/URL]";[[1820, 1987], [2019, 2021]];[1987, 1994]
US;USA;sptinc992j;p0p50;share;Pre-tax national income. Share Adults. equal-split adults;Pre-tax national income share held by the p0p50 group. Pre-tax national income  is the sum of all pre-tax personal income flows accruing to the owners of the production factors, labor and capital, before taking into account the operation of the tax/transfer system, but after taking into account the operation of pension system. The central difference between personal factor income and pre-tax income is the treatment of pensions, which are counted on a contribution basis by factor income and on a distribution basis by pre-tax income. The population is comprised of individuals over age 20. The base unit is the individual (rather than the household) but resources are split equally within couples.;Pre-tax national income =Pre-tax labor income [total pre-tax income ranking]+Pre-tax capital income [total pre-tax income ranking];;"After 1962, [URL][URL_LINK]http://wid.world/document/t-piketty-e-saez-g-zucman-data-appendix-to-distributional-national-accounts-methods-and-estimates-for-the-united-states-2016/[/URL_LINK][URL_TEXT]Piketty, Thomas; Saez, Emmanuel and Zucman, Gabriel (2016). Distributional National Accounts: Methods and Estimates for the United States; [/URL_TEXT][/URL] Before 1962, [URL][URL_LINK]https://wid.world/document/examining-the-great-leveling-new-evidence-on-midcentury-american-inequality/[/URL_LINK][URL_TEXT]Fisher-Post, Matthew (2020). Examining the Great Leveling: New Evidence on Midcentury American Inequality; [/URL_TEXT][/URL][URL][URL_LINK]https://wid.world/wp-content/uploads/2020/10/WorldInequalityLab_WP2020_20_US-IncomeWealthInequality.pdf[/URL_LINK][URL_TEXT]Saez, Emmanuel and Zucman, Gabriel (2020). The Rise of Income and Wealth Inequality in America: Evidence from Distributional Macroeconomic Accounts; [/URL_TEXT][/URL][URL][URL_LINK]http://gabriel-zucman.eu/files/PSZUpdates.pdf[/URL_LINK][URL_TEXT]Zucman, Gabriel (2020). Technical Note “US Distributional National Accounts: Updates” [/URL_TEXT][/URL][URL][URL_LINK]http://wordpress.wid.world/document/real-time-inequality-world-inequality-lab-working-paper-2022-14/[/URL_LINK][URL_TEXT]Blanchet, Thomas, Saez, Emmanuel and Zucman, Gabriel (2022). “Real-Time Inequality"" [/URL_TEXT][/URL][URL][URL_LINK]http://wordpress.wid.world/document/historical-inequality-series-on-wid-world-updates-world-inequality-lab-technical-note-2023-01/[/URL_LINK][URL_TEXT] ; Chancel, L., Moshrif, R., Piketty, T., Xuereb, S., (2023),  ""Historical Inequality Series on WID.world - Updates""[/URL_TEXT][/URL]";[[1820, 1910]];
GB;United Kingdom;sptinc992j;p0p50;share;Pre-tax national income. Share Adults. equal-split adults;Pre-tax national income share held by the p0p50 group. Pre-tax national income  is the sum of all pre-tax personal income flows accruing to the owners of the production factors, labor and capital, before taking into account the operation of the tax/transfer system, but after taking into account the operation of pension system. The central difference between personal factor income and pre-tax income is the treatment of pensions, which are counted on a contribution basis by factor income and on a distribution basis by pre-tax income. The population is comprised of individuals over age 20. The base unit is the individual (rather than the household) but resources are split equally within couples.;Pre-tax national income =Pre-tax labor income [total pre-tax income ranking]+Pre-tax capital income [total pre-tax income ranking];Summary of data construction by year (see source for details): 1981-1985: interpolated survey + concept correction + tax data, 1986: survey + concept correction + tax data, 1987-1990: interpolated survey + concept correction + tax data, 1991: survey + concept correction + tax data, 1992-1993: interpolated survey + concept correction + tax data, 1994-2005: survey + concept correction + tax data, 2006-2014: survey + tax data, 2015-2019: extrapolated distribution using survey data, 2020-2021: extrapolated distribution;"Blanchet, Chancel and Gethin (2020), “Why is Europe less Unequal than the US?” + Updates by Neef and Sodano (2022); For long run series (full population), [URL][URL_LINK]http://wordpress.wid.world/document/longrunpaper/[/URL_LINK][URL_TEXT]Chancel, L., Piketty, T. “Global Income Inequality 1820-2020: The Persistence and Mutation of Extreme Inequality” (2021)[/URL_TEXT][/URL][URL][URL_LINK]http://wordpress.wid.world/document/historical-inequality-series-on-wid-world-updates-world-inequality-lab-technical-note-2023-01/[/URL_LINK][URL_TEXT] ; Chancel, L., Moshrif, R., Piketty, T., Xuereb, S., (2023),  ""Historical Inequality Series on WID.world - Updates""[/URL_TEXT][/URL]";[[1820, 1980], [2018, 2021]];
